file_id,user_id
7452,41
7555,41
7499,41
7548,41
7515,41
7521,41
7552,41
7492,41
7557,41
7581,41
7451,41
7524,41
7500,41
7444,41
7445,41
7471,41
7482,41
7556,41
7589,41
7514,41
7510,41
7455,41
7565,41
7575,41
7496,41
7447,41
7525,41
7577,41
7453,41
7513,41
7584,41
7461,41
7570,41
7543,41
7516,41
7454,41
7576,41
7491,41
7486,41
7559,41
7578,41
7506,41
7558,41
7531,41
7468,41
7537,41
7465,41
7580,41
7472,41
7561,41
7467,41
7586,41
7523,41
7490,41
7498,41
7535,41
7507,41
7484,41
7583,41
7551,41
7494,41
7579,41
7478,41
7553,41
7470,41
7571,41
7456,41
7462,41
7585,41
7544,41
7476,41
7567,41
7573,41
7503,41
7459,41
7533,41
7479,41
7466,41
7528,41
7450,41
7473,41
7563,41
7458,41
7549,41
7457,41
7546,41
7477,41
7502,41
7526,41
7539,41
7568,41
7574,41
7540,41
7464,41
7460,41
7520,41
7572,41
7511,41
7505,41
7497,41
7483,41
7485,41
7448,41
7446,41
7527,41
7463,41
7469,41
7564,41
7587,41
7449,41
7588,41
7545,41
7530,41
7536,41
7547,41
7519,41
7538,41
7542,41
7562,41
7541,41
7501,41
7566,41
7475,41
7534,41
7495,41
7569,41
7509,41
7532,41
7518,41
7529,41
7481,41
7560,41
7487,41
7508,41
7488,41
7522,41
7474,41
7493,41
7489,41
7504,41
7517,41
7582,41
7550,41
7512,41
7554,41
7480,41
9533,53
9591,53
9596,53
9590,53
9562,53
9544,53
9588,53
9547,53
9646,53
9644,53
9578,53
9658,53
9629,53
9649,53
9625,53
9561,53
9652,53
9579,53
9537,53
9601,53
9618,53
9517,53
9657,53
9530,53
9536,53
9642,53
9619,53
9568,53
9560,53
9611,53
9520,53
9608,53
9538,53
9513,53
9531,53
9641,53
9534,53
9555,53
9589,53
9559,53
9638,53
9548,53
9593,53
9635,53
9524,53
9659,53
9584,53
9582,53
9514,53
9586,53
9633,53
9616,53
9519,53
9645,53
9557,53
9535,53
9521,53
9600,53
9529,53
9592,53
9599,53
9607,53
9549,53
9556,53
9609,53
9587,53
9527,53
9512,53
9563,53
9626,53
9610,53
9550,53
9632,53
9567,53
9623,53
9543,53
9583,53
9621,53
9523,53
9613,53
9554,53
9603,53
9620,53
9614,53
9572,53
9541,53
9647,53
9602,53
9640,53
9594,53
9576,53
9518,53
9606,53
9539,53
9525,53
9651,53
9605,53
9528,53
9615,53
9628,53
9627,53
9542,53
9654,53
9552,53
9604,53
9565,53
9573,53
9653,53
9546,53
9598,53
9575,53
9636,53
9622,53
9630,53
9655,53
9656,53
9574,53
9570,53
9551,53
9545,53
9617,53
9558,53
9612,53
9581,53
9577,53
9585,53
9643,53
9597,53
9569,53
9540,53
9624,53
9553,53
9650,53
9571,53
9515,53
9532,53
9564,53
9516,53
9595,53
9637,53
9526,53
9634,53
9580,53
9631,53
9639,53
9522,53
9566,53
9648,53
1003,6
936,6
1071,6
996,6
997,6
1000,6
1094,6
1066,6
978,6
1012,6
1051,6
994,6
1057,6
989,6
1004,6
1059,6
1001,6
1027,6
1036,6
961,6
934,6
1043,6
1018,6
944,6
1087,6
942,6
963,6
928,6
1064,6
955,6
1105,6
1033,6
993,6
1100,6
1077,6
1085,6
1097,6
938,6
964,6
981,6
1103,6
980,6
974,6
966,6
1095,6
1032,6
1020,6
957,6
1075,6
1022,6
1030,6
977,6
1023,6
1096,6
1099,6
999,6
1074,6
1038,6
1076,6
958,6
998,6
935,6
976,6
984,6
929,6
965,6
1042,6
949,6
960,6
1055,6
1065,6
1069,6
982,6
1049,6
1093,6
1047,6
1010,6
1053,6
973,6
1026,6
1089,6
987,6
1041,6
985,6
941,6
1079,6
1046,6
971,6
1037,6
962,6
988,6
1072,6
1034,6
1063,6
970,6
947,6
1048,6
1014,6
1009,6
931,6
1008,6
945,6
959,6
1044,6
975,6
939,6
979,6
986,6
1011,6
948,6
1083,6
1006,6
946,6
1052,6
1062,6
1039,6
1084,6
968,6
983,6
953,6
995,6
1024,6
943,6
1081,6
1067,6
930,6
950,6
1107,6
1025,6
1102,6
1031,6
1028,6
1019,6
1098,6
1088,6
991,6
951,6
1056,6
1058,6
952,6
1007,6
954,6
1061,6
969,6
1015,6
956,6
1080,6
1040,6
1035,6
1005,6
1029,6
1013,6
932,6
1054,6
1068,6
1045,6
1021,6
1002,6
1092,6
1082,6
1016,6
972,6
1104,6
1101,6
1073,6
1106,6
1086,6
1078,6
937,6
1060,6
933,6
1070,6
967,6
940,6
1050,6
1090,6
1017,6
990,6
992,6
1091,6
3759,20
3655,20
3744,20
3737,20
3664,20
3715,20
3673,20
3685,20
3787,20
3756,20
3689,20
3720,20
3657,20
3738,20
3670,20
3746,20
3698,20
3761,20
3811,20
3705,20
3646,20
3724,20
3729,20
3776,20
3750,20
3771,20
3702,20
3806,20
3767,20
3665,20
3763,20
3679,20
3749,20
3779,20
3726,20
3781,20
3747,20
3800,20
3663,20
3681,20
3722,20
3734,20
3690,20
3712,20
3661,20
3770,20
3710,20
3812,20
3674,20
3682,20
3777,20
3783,20
3748,20
3754,20
3680,20
3667,20
3772,20
3760,20
3813,20
3668,20
3764,20
3758,20
3753,20
3798,20
3694,20
3714,20
3650,20
3692,20
3778,20
3743,20
3708,20
3774,20
3691,20
3814,20
3644,20
3651,20
3793,20
3818,20
3700,20
3751,20
3719,20
3815,20
3794,20
3675,20
3718,20
3789,20
3785,20
3676,20
3736,20
3653,20
3684,20
3788,20
3741,20
3799,20
3723,20
3699,20
3752,20
3823,20
3658,20
3713,20
3654,20
3672,20
3742,20
3786,20
3730,20
3782,20
3819,20
3686,20
3732,20
3802,20
3780,20
3649,20
3656,20
3769,20
3784,20
3678,20
3810,20
3683,20
3821,20
3706,20
3740,20
3652,20
3745,20
3796,20
3728,20
3773,20
3762,20
3820,20
3733,20
3757,20
3735,20
3703,20
3765,20
3645,20
3659,20
3671,20
3709,20
3701,20
3677,20
3775,20
3647,20
3795,20
3697,20
3805,20
3809,20
3790,20
3721,20
3695,20
3711,20
3797,20
3792,20
3716,20
3696,20
3704,20
3717,20
3687,20
3768,20
3791,20
3669,20
3755,20
3816,20
3660,20
3822,20
3801,20
3666,20
3766,20
3807,20
3727,20
3739,20
3731,20
3648,20
3804,20
3662,20
3725,20
3707,20
3808,20
3817,20
3693,20
3688,20
3803,20
1189,7
1129,7
1229,7
1134,7
1126,7
1202,7
1147,7
1116,7
1117,7
1243,7
1164,7
1212,7
1171,7
1214,7
1203,7
1160,7
1120,7
1240,7
1253,7
1185,7
1258,7
1159,7
1109,7
1161,7
1248,7
1154,7
1158,7
1213,7
1145,7
1182,7
1115,7
1139,7
1190,7
1149,7
1238,7
1194,7
1262,7
1136,7
1186,7
1155,7
1140,7
1142,7
1252,7
1114,7
1123,7
1165,7
1241,7
1222,7
1178,7
1228,7
1227,7
1247,7
1176,7
1169,7
1216,7
1224,7
1230,7
1206,7
1118,7
1226,7
1264,7
1168,7
1144,7
1204,7
1143,7
1256,7
1131,7
1108,7
1180,7
1163,7
1167,7
1197,7
1257,7
1237,7
1153,7
1266,7
1232,7
1219,7
1121,7
1196,7
1193,7
1127,7
1199,7
1172,7
1200,7
1231,7
1210,7
1198,7
1111,7
1146,7
1156,7
1239,7
1245,7
1152,7
1110,7
1267,7
1162,7
1250,7
1157,7
1188,7
1201,7
1138,7
1148,7
1177,7
1137,7
1236,7
1234,7
1260,7
1207,7
1220,7
1255,7
1174,7
1183,7
1265,7
1125,7
1150,7
1242,7
1151,7
1221,7
1122,7
1263,7
1119,7
1128,7
1166,7
1179,7
1209,7
1246,7
1132,7
1130,7
1195,7
1261,7
1141,7
1218,7
1251,7
1205,7
1244,7
1175,7
1191,7
1170,7
1249,7
1181,7
1217,7
1192,7
1223,7
1233,7
1133,7
1259,7
1124,7
1254,7
1184,7
1211,7
1135,7
1173,7
1208,7
1235,7
1187,7
1215,7
1112,7
1225,7
1113,7
586,4
569,4
536,4
555,4
574,4
697,4
620,4
711,4
675,4
549,4
589,4
590,4
691,4
702,4
671,4
575,4
698,4
648,4
563,4
713,4
662,4
598,4
654,4
650,4
651,4
537,4
658,4
602,4
721,4
726,4
724,4
635,4
558,4
695,4
641,4
587,4
559,4
521,4
617,4
612,4
553,4
610,4
647,4
544,4
665,4
570,4
676,4
696,4
684,4
543,4
556,4
533,4
565,4
677,4
637,4
666,4
653,4
560,4
707,4
640,4
669,4
604,4
561,4
638,4
687,4
673,4
723,4
601,4
527,4
703,4
715,4
633,4
611,4
581,4
609,4
699,4
693,4
592,4
692,4
593,4
608,4
585,4
523,4
694,4
545,4
685,4
705,4
534,4
656,4
642,4
660,4
646,4
584,4
588,4
649,4
529,4
525,4
628,4
655,4
720,4
528,4
624,4
599,4
566,4
657,4
706,4
607,4
568,4
622,4
626,4
580,4
552,4
627,4
522,4
679,4
540,4
564,4
618,4
582,4
605,4
579,4
623,4
591,4
538,4
573,4
709,4
576,4
667,4
712,4
688,4
690,4
689,4
701,4
678,4
594,4
668,4
520,4
630,4
718,4
539,4
663,4
615,4
725,4
683,4
716,4
600,4
606,4
636,4
554,4
652,4
616,4
664,4
661,4
562,4
535,4
700,4
546,4
619,4
567,4
670,4
614,4
681,4
621,4
717,4
613,4
571,4
557,4
578,4
629,4
595,4
674,4
686,4
597,4
708,4
639,4
722,4
704,4
550,4
680,4
572,4
714,4
596,4
532,4
541,4
542,4
634,4
625,4
659,4
710,4
603,4
643,4
531,4
526,4
682,4
719,4
524,4
547,4
631,4
548,4
583,4
672,4
644,4
645,4
632,4
551,4
530,4
577,4
3437,19
3631,19
3449,19
3520,19
3480,19
3595,19
3552,19
3548,19
3635,19
3522,19
3605,19
3473,19
3607,19
3517,19
3625,19
3459,19
3475,19
3641,19
3550,19
3581,19
3504,19
3502,19
3638,19
3604,19
3608,19
3499,19
3433,19
3511,19
3443,19
3592,19
3579,19
3492,19
3562,19
3487,19
3515,19
3538,19
3627,19
3432,19
3634,19
3453,19
3583,19
3540,19
3541,19
3454,19
3531,19
3462,19
3434,19
3516,19
3441,19
3439,19
3594,19
3498,19
3615,19
3539,19
3637,19
3506,19
3640,19
3530,19
3460,19
3584,19
3545,19
3619,19
3526,19
3568,19
3451,19
3483,19
3509,19
3534,19
3598,19
3588,19
3547,19
3477,19
3519,19
3500,19
3463,19
3532,19
3642,19
3464,19
3633,19
3444,19
3488,19
3494,19
3536,19
3496,19
3570,19
3527,19
3643,19
3485,19
3468,19
3489,19
3558,19
3609,19
3614,19
3577,19
3553,19
3612,19
3510,19
3528,19
3478,19
3466,19
3613,19
3445,19
3636,19
3639,19
3518,19
3479,19
3610,19
3533,19
3589,19
3567,19
3629,19
3556,19
3576,19
3587,19
3572,19
3628,19
3450,19
3461,19
3469,19
3586,19
3440,19
3470,19
3452,19
3448,19
3569,19
3623,19
3603,19
3436,19
3491,19
3495,19
3438,19
3508,19
3597,19
3600,19
3571,19
3543,19
3561,19
3575,19
3471,19
3621,19
3555,19
3574,19
3529,19
3630,19
3596,19
3606,19
3564,19
3481,19
3617,19
3601,19
3447,19
3514,19
3490,19
3593,19
3626,19
3580,19
3513,19
3582,19
3472,19
3455,19
3493,19
3467,19
3554,19
3632,19
3620,19
3456,19
3578,19
3497,19
3486,19
3546,19
3446,19
3524,19
3465,19
3512,19
3521,19
3624,19
3537,19
3482,19
3476,19
3544,19
3535,19
3560,19
3525,19
3523,19
3505,19
3559,19
3484,19
3611,19
3435,19
3503,19
3507,19
3442,19
3585,19
3590,19
3573,19
3622,19
3557,19
3549,19
3565,19
3457,19
3501,19
3591,19
3618,19
3599,19
3542,19
3551,19
3566,19
3602,19
3474,19
3616,19
3458,19
3563,19
3345,18
3341,18
3266,18
3370,18
3335,18
3244,18
3336,18
3241,18
3431,18
3416,18
3298,18
3277,18
3398,18
3225,18
3338,18
3332,18
3330,18
3429,18
3362,18
3312,18
3337,18
3209,18
3387,18
3283,18
3358,18
3226,18
3402,18
3203,18
3279,18
3324,18
3319,18
3309,18
3281,18
3361,18
3278,18
3340,18
3354,18
3394,18
3271,18
3310,18
3359,18
3267,18
3234,18
3257,18
3351,18
3230,18
3373,18
3427,18
3286,18
3331,18
3287,18
3400,18
3349,18
3328,18
3207,18
3406,18
3343,18
3315,18
3289,18
3348,18
3212,18
3224,18
3245,18
3329,18
3411,18
3425,18
3388,18
3250,18
3365,18
3290,18
3347,18
3214,18
3386,18
3367,18
3228,18
3379,18
3353,18
3381,18
3235,18
3313,18
3211,18
3317,18
3405,18
3206,18
3417,18
3220,18
3426,18
3395,18
3368,18
3384,18
3294,18
3282,18
3272,18
3276,18
3249,18
3350,18
3205,18
3342,18
3410,18
3311,18
3247,18
3229,18
3253,18
3227,18
3302,18
3265,18
3274,18
3285,18
3321,18
3297,18
3346,18
3280,18
3430,18
3239,18
3403,18
3390,18
3306,18
3396,18
3333,18
3248,18
3275,18
3369,18
3428,18
3415,18
3422,18
3407,18
3364,18
3256,18
3334,18
3232,18
3293,18
3288,18
3202,18
3376,18
3418,18
3323,18
3237,18
3296,18
3260,18
3222,18
3377,18
3251,18
3314,18
3291,18
3357,18
3404,18
3213,18
3401,18
3252,18
3352,18
3231,18
3399,18
3204,18
3263,18
3307,18
3273,18
3374,18
3233,18
3221,18
3242,18
3326,18
3412,18
3419,18
3258,18
3292,18
3355,18
3322,18
3295,18
3284,18
3421,18
3308,18
3366,18
3246,18
3356,18
3392,18
3408,18
3236,18
3223,18
3243,18
3261,18
3269,18
3413,18
3378,18
3299,18
3409,18
3219,18
3305,18
3210,18
3262,18
3218,18
3270,18
3304,18
3344,18
3372,18
3300,18
3264,18
3217,18
3383,18
3339,18
3254,18
3423,18
3397,18
3420,18
3325,18
3414,18
3393,18
3318,18
3327,18
3363,18
3238,18
3320,18
3201,18
3208,18
3389,18
3391,18
3240,18
3303,18
3385,18
3301,18
3216,18
3380,18
3316,18
3215,18
3268,18
3259,18
3424,18
3360,18
3382,18
3375,18
3371,18
3255,18
10109,56
10183,56
10098,56
10181,56
10119,56
10069,56
10114,56
10105,56
10092,56
10133,56
10138,56
10139,56
10164,56
10198,56
10071,56
10135,56
10184,56
10122,56
10087,56
10166,56
10186,56
10157,56
10101,56
10187,56
10145,56
10170,56
10191,56
10102,56
10093,56
10148,56
10106,56
10152,56
10168,56
10171,56
10065,56
10066,56
10090,56
10141,56
10167,56
10162,56
10159,56
10169,56
10123,56
10074,56
10084,56
10174,56
10112,56
10077,56
10126,56
10185,56
10063,56
10192,56
10140,56
10165,56
10081,56
10083,56
10154,56
10149,56
10158,56
10104,56
10091,56
10121,56
10151,56
10111,56
10163,56
10177,56
10125,56
10188,56
10068,56
10173,56
10144,56
10128,56
10072,56
10064,56
10189,56
10100,56
10146,56
10096,56
10196,56
10115,56
10160,56
10178,56
10193,56
10142,56
10156,56
10095,56
10161,56
10150,56
10179,56
10094,56
10143,56
10136,56
10110,56
10117,56
10190,56
10155,56
10180,56
10175,56
10137,56
10097,56
10176,56
10089,56
10103,56
10131,56
10116,56
10080,56
10085,56
10086,56
10076,56
10197,56
10070,56
10082,56
10067,56
10108,56
10075,56
10078,56
10088,56
10073,56
10153,56
10124,56
10130,56
10194,56
10172,56
10107,56
10182,56
10118,56
10134,56
10099,56
10120,56
10129,56
10147,56
10127,56
10113,56
10079,56
10132,56
10195,56
5578,31
5548,31
5717,31
5675,31
5743,31
5608,31
5581,31
5688,31
5650,31
5713,31
5761,31
5540,31
5646,31
5758,31
5762,31
5605,31
5575,31
5574,31
5734,31
5565,31
5693,31
5626,31
5624,31
5631,31
5731,31
5702,31
5768,31
5767,31
5715,31
5577,31
5552,31
5728,31
5604,31
5563,31
5564,31
5669,31
5630,31
5556,31
5550,31
5551,31
5541,31
5628,31
5557,31
5665,31
5586,31
5718,31
5744,31
5726,31
5664,31
5627,31
5696,31
5617,31
5769,31
5686,31
5691,31
5571,31
5755,31
5690,31
5606,31
5643,31
5740,31
5770,31
5737,31
5547,31
5602,31
5568,31
5594,31
5599,31
5745,31
5771,31
5632,31
5636,31
5645,31
5739,31
5679,31
5667,31
5535,31
5588,31
5607,31
5555,31
5546,31
5527,31
5612,31
5620,31
5701,31
5536,31
5651,31
5579,31
5676,31
5593,31
5683,31
5742,31
5609,31
5723,31
5670,31
5533,31
5657,31
5711,31
5531,31
5750,31
5649,31
5603,31
5635,31
5623,31
5656,31
5549,31
5666,31
5672,31
5749,31
5644,31
5674,31
5585,31
5706,31
5543,31
5595,31
5699,31
5660,31
5721,31
5598,31
5668,31
5530,31
5529,31
5766,31
5722,31
5561,31
5639,31
5542,31
5648,31
5591,31
5544,31
5729,31
5532,31
5633,31
5712,31
5569,31
5751,31
5681,31
5765,31
5716,31
5537,31
5732,31
5684,31
5545,31
5590,31
5680,31
5747,31
5600,31
5719,31
5554,31
5692,31
5596,31
5573,31
5589,31
5754,31
5559,31
5707,31
5637,31
5601,31
5662,31
5697,31
5685,31
5677,31
5610,31
5618,31
5741,31
5725,31
5538,31
5689,31
5622,31
5619,31
5661,31
5576,31
5654,31
5703,31
5653,31
5678,31
5682,31
5746,31
5597,31
5687,31
5705,31
5641,31
5764,31
5671,31
5611,31
5616,31
5709,31
5539,31
5592,31
5736,31
5528,31
5704,31
5582,31
5752,31
5733,31
5583,31
5566,31
5629,31
5621,31
5613,31
5567,31
5587,31
5558,31
5698,31
5735,31
5714,31
5658,31
5560,31
5694,31
5738,31
5534,31
5757,31
5759,31
5659,31
5642,31
5655,31
5753,31
5562,31
5730,31
5572,31
5695,31
5634,31
5720,31
5625,31
5708,31
5673,31
5727,31
5763,31
5700,31
5640,31
5580,31
5570,31
5614,31
5584,31
5772,31
5710,31
5615,31
5760,31
5647,31
5748,31
5663,31
5724,31
5756,31
5553,31
5652,31
5638,31
3964,21
3937,21
3971,21
3897,21
3969,21
3827,21
3888,21
3903,21
3942,21
3939,21
3919,21
3892,21
3976,21
3826,21
3828,21
3889,21
3891,21
3901,21
3978,21
3955,21
3844,21
3873,21
3906,21
3996,21
4005,21
3839,21
3834,21
3896,21
3884,21
3987,21
3982,21
3858,21
3979,21
3866,21
3952,21
3992,21
3913,21
3925,21
3958,21
4003,21
3944,21
3871,21
3894,21
3962,21
3863,21
3829,21
3959,21
3870,21
3991,21
3886,21
3965,21
3879,21
3927,21
3986,21
3895,21
3938,21
3887,21
3951,21
3872,21
3963,21
3961,21
3840,21
3981,21
3842,21
3849,21
3956,21
3837,21
3970,21
3843,21
3908,21
3855,21
3905,21
3997,21
3882,21
3832,21
3910,21
3898,21
4000,21
3912,21
3920,21
3885,21
3985,21
3850,21
3861,21
3993,21
3957,21
3968,21
3949,21
3914,21
4006,21
3915,21
3831,21
3995,21
3994,21
3936,21
3928,21
3926,21
3918,21
3983,21
3940,21
3867,21
3845,21
3935,21
3966,21
3999,21
3848,21
3975,21
3923,21
3904,21
3984,21
3830,21
3974,21
3909,21
3881,21
3953,21
3841,21
3916,21
3869,21
3917,21
3946,21
4001,21
3836,21
3998,21
3943,21
3921,21
3856,21
3865,21
3880,21
3852,21
3989,21
3878,21
3838,21
3876,21
3973,21
3977,21
3924,21
3930,21
3851,21
3967,21
3941,21
3950,21
3931,21
3933,21
3960,21
3899,21
3857,21
3859,21
3947,21
3875,21
3890,21
3954,21
3893,21
3860,21
4002,21
3846,21
3902,21
3922,21
3862,21
3990,21
3945,21
3934,21
3972,21
3907,21
3883,21
3874,21
3948,21
3868,21
3980,21
3877,21
3900,21
3853,21
3988,21
3825,21
3932,21
3854,21
3911,21
3929,21
3847,21
3864,21
3835,21
3833,21
3824,21
4004,21
400,3
441,3
393,3
384,3
367,3
508,3
459,3
389,3
402,3
406,3
395,3
421,3
517,3
453,3
504,3
449,3
408,3
354,3
512,3
462,3
511,3
403,3
491,3
490,3
416,3
457,3
411,3
431,3
513,3
414,3
364,3
424,3
420,3
484,3
468,3
456,3
479,3
489,3
425,3
375,3
439,3
466,3
469,3
370,3
407,3
495,3
465,3
514,3
460,3
502,3
426,3
463,3
387,3
368,3
464,3
451,3
399,3
365,3
374,3
507,3
455,3
500,3
483,3
391,3
497,3
516,3
471,3
434,3
379,3
409,3
470,3
383,3
353,3
422,3
499,3
350,3
357,3
515,3
494,3
394,3
450,3
472,3
446,3
371,3
396,3
435,3
358,3
381,3
356,3
418,3
385,3
430,3
493,3
432,3
427,3
478,3
475,3
352,3
390,3
452,3
496,3
360,3
401,3
505,3
485,3
498,3
372,3
477,3
461,3
486,3
376,3
437,3
404,3
442,3
351,3
444,3
417,3
423,3
405,3
386,3
363,3
369,3
473,3
482,3
412,3
415,3
443,3
440,3
410,3
361,3
359,3
398,3
377,3
458,3
487,3
503,3
436,3
362,3
373,3
433,3
510,3
366,3
355,3
519,3
509,3
419,3
428,3
518,3
429,3
506,3
445,3
349,3
492,3
413,3
438,3
467,3
388,3
392,3
474,3
481,3
488,3
397,3
378,3
380,3
501,3
480,3
447,3
454,3
382,3
476,3
448,3
6466,35
6442,35
6528,35
6387,35
6539,35
6454,35
6448,35
6385,35
6417,35
6423,35
6563,35
6409,35
6419,35
6451,35
6436,35
6531,35
6432,35
6489,35
6399,35
6523,35
6408,35
6519,35
6514,35
6544,35
6383,35
6403,35
6568,35
6504,35
6431,35
6570,35
6411,35
6457,35
6479,35
6458,35
6497,35
6521,35
6541,35
6565,35
6469,35
6405,35
6445,35
6437,35
6446,35
6477,35
6401,35
6511,35
6549,35
6412,35
6391,35
6434,35
6435,35
6473,35
6560,35
6548,35
6506,35
6526,35
6444,35
6491,35
6395,35
6396,35
6400,35
6430,35
6518,35
6557,35
6384,35
6386,35
6564,35
6510,35
6527,35
6433,35
6478,35
6485,35
6447,35
6483,35
6496,35
6453,35
6467,35
6452,35
6492,35
6495,35
6397,35
6500,35
6534,35
6502,35
6559,35
6542,35
6551,35
6470,35
6481,35
6529,35
6449,35
6556,35
6524,35
6462,35
6393,35
6420,35
6380,35
6493,35
6406,35
6450,35
6415,35
6482,35
6498,35
6503,35
6516,35
6465,35
6562,35
6536,35
6414,35
6476,35
6533,35
6410,35
6550,35
6554,35
6429,35
6455,35
6427,35
6515,35
6428,35
6490,35
6507,35
6480,35
6486,35
6474,35
6422,35
6569,35
6390,35
6402,35
6540,35
6440,35
6468,35
6501,35
6471,35
6552,35
6421,35
6389,35
6416,35
6546,35
6512,35
6394,35
6488,35
6561,35
6382,35
6567,35
6543,35
6459,35
6545,35
6413,35
6441,35
6463,35
6398,35
6535,35
6558,35
6517,35
6425,35
6547,35
6404,35
6508,35
6456,35
6464,35
6520,35
6472,35
6513,35
6484,35
6424,35
6509,35
6555,35
6407,35
6439,35
6494,35
6443,35
6381,35
6475,35
6522,35
6460,35
6426,35
6505,35
6566,35
6530,35
6532,35
6418,35
6525,35
6553,35
6538,35
6537,35
6388,35
6499,35
6438,35
6487,35
6392,35
6461,35
6362,34
6309,34
6366,34
6296,34
6287,34
6352,34
6251,34
6193,34
6250,34
6224,34
6245,34
6321,34
6368,34
6238,34
6334,34
6200,34
6284,34
6275,34
6339,34
6209,34
6307,34
6179,34
6378,34
6325,34
6300,34
6231,34
6294,34
6210,34
6240,34
6197,34
6236,34
6329,34
6239,34
6271,34
6345,34
6311,34
6354,34
6303,34
6347,34
6341,34
6215,34
6244,34
6242,34
6226,34
6212,34
6274,34
6371,34
6208,34
6291,34
6290,34
6187,34
6374,34
6304,34
6180,34
6194,34
6192,34
6261,34
6322,34
6202,34
6277,34
6315,34
6257,34
6376,34
6358,34
6248,34
6333,34
6349,34
6199,34
6252,34
6327,34
6326,34
6255,34
6318,34
6259,34
6204,34
6310,34
6281,34
6364,34
6288,34
6232,34
6264,34
6292,34
6213,34
6233,34
6302,34
6331,34
6355,34
6229,34
6262,34
6369,34
6228,34
6367,34
6186,34
6297,34
6328,34
6258,34
6289,34
6348,34
6298,34
6338,34
6227,34
6211,34
6268,34
6181,34
6314,34
6182,34
6363,34
6285,34
6360,34
6332,34
6344,34
6370,34
6317,34
6337,34
6351,34
6195,34
6188,34
6330,34
6253,34
6299,34
6356,34
6223,34
6225,34
6361,34
6269,34
6222,34
6353,34
6219,34
6234,34
6343,34
6283,34
6221,34
6217,34
6308,34
6207,34
6205,34
6189,34
6278,34
6372,34
6279,34
6375,34
6276,34
6342,34
6214,34
6220,34
6201,34
6196,34
6198,34
6263,34
6306,34
6324,34
6203,34
6247,34
6241,34
6185,34
6249,34
6230,34
6260,34
6357,34
6359,34
6312,34
6183,34
6282,34
6305,34
6218,34
6346,34
6267,34
6273,34
6320,34
6235,34
6272,34
6184,34
6323,34
6313,34
6191,34
6265,34
6350,34
6379,34
6246,34
6319,34
6237,34
6254,34
6216,34
6340,34
6301,34
6316,34
6336,34
6206,34
6256,34
6266,34
6377,34
6243,34
6190,34
6270,34
6335,34
6365,34
6286,34
6293,34
6280,34
6373,34
6295,34
2882,16
2846,16
2896,16
3008,16
2903,16
2964,16
2829,16
2973,16
2899,16
2998,16
2960,16
2856,16
2883,16
3023,16
2864,16
2832,16
2950,16
2985,16
2876,16
2959,16
2945,16
2898,16
2994,16
2875,16
2995,16
2957,16
2922,16
2925,16
3028,16
2949,16
2870,16
2961,16
3016,16
2841,16
2916,16
3007,16
3022,16
2968,16
2852,16
2947,16
2928,16
2924,16
2853,16
2844,16
2907,16
2931,16
2911,16
3035,16
2891,16
2981,16
2970,16
2993,16
2946,16
3032,16
2969,16
2982,16
2834,16
2885,16
2884,16
2908,16
2837,16
2980,16
2991,16
2906,16
2951,16
2904,16
2915,16
2910,16
2821,16
3003,16
2967,16
2808,16
2878,16
2977,16
2843,16
2814,16
2913,16
2869,16
2850,16
2966,16
2948,16
2914,16
3015,16
2819,16
2830,16
2989,16
2833,16
2872,16
2895,16
2823,16
2963,16
2828,16
3033,16
2859,16
2944,16
3001,16
2942,16
2818,16
2889,16
2839,16
2827,16
2965,16
2902,16
2983,16
2877,16
2880,16
3029,16
2866,16
2927,16
2941,16
2894,16
3024,16
2901,16
3004,16
2824,16
2938,16
2929,16
2979,16
2923,16
2918,16
3026,16
2955,16
3025,16
2868,16
2905,16
2972,16
2840,16
2857,16
2805,16
2933,16
3027,16
2953,16
2809,16
2854,16
2937,16
2975,16
2820,16
3021,16
2855,16
3017,16
2836,16
2909,16
2934,16
2862,16
2971,16
2900,16
2822,16
2919,16
2817,16
2867,16
3031,16
2926,16
2912,16
2996,16
2986,16
2873,16
2879,16
2863,16
3012,16
2816,16
2921,16
2886,16
2936,16
2813,16
2825,16
2939,16
2984,16
2988,16
2930,16
3019,16
2893,16
2897,16
2815,16
2845,16
2849,16
2851,16
2812,16
3018,16
2940,16
3005,16
2881,16
2999,16
2890,16
2826,16
2858,16
2806,16
2917,16
2987,16
2992,16
2990,16
2952,16
2871,16
2976,16
2943,16
2935,16
3030,16
2807,16
3010,16
2848,16
2888,16
2954,16
2978,16
2810,16
2920,16
3002,16
2997,16
2861,16
2835,16
3034,16
2962,16
2831,16
2958,16
3009,16
3006,16
3020,16
2865,16
2974,16
2892,16
3000,16
2874,16
2842,16
3014,16
2811,16
3013,16
2838,16
3011,16
2932,16
2847,16
2860,16
2887,16
2956,16
1712,10
1627,10
1722,10
1700,10
1681,10
1698,10
1716,10
1693,10
1746,10
1701,10
1743,10
1711,10
1626,10
1633,10
1658,10
1674,10
1652,10
1699,10
1636,10
1703,10
1749,10
1673,10
1644,10
1647,10
1742,10
1715,10
1713,10
1662,10
1735,10
1719,10
1668,10
1666,10
1731,10
1736,10
1721,10
1678,10
1696,10
1642,10
1707,10
1680,10
1737,10
1655,10
1640,10
1664,10
1650,10
1697,10
1671,10
1687,10
1657,10
1630,10
1723,10
1685,10
1659,10
1648,10
1724,10
1625,10
1632,10
1730,10
1739,10
1641,10
1639,10
1714,10
1748,10
1684,10
1631,10
1692,10
1665,10
1694,10
1628,10
1710,10
1672,10
1705,10
1708,10
1651,10
1688,10
1706,10
1667,10
1653,10
1733,10
1689,10
1727,10
1734,10
1660,10
1702,10
1750,10
1663,10
1679,10
1717,10
1726,10
1741,10
1725,10
1649,10
1669,10
1683,10
1744,10
1676,10
1624,10
1738,10
1728,10
1645,10
1709,10
1670,10
1646,10
1686,10
1637,10
1656,10
1690,10
1635,10
1740,10
1634,10
1747,10
1675,10
1629,10
1691,10
1720,10
1718,10
1661,10
1704,10
1729,10
1643,10
1745,10
1695,10
1732,10
1682,10
1638,10
1654,10
1677,10
5069,28
5145,28
5106,28
5026,28
5035,28
5084,28
5098,28
5094,28
5089,28
5131,28
5102,28
5061,28
5132,28
5101,28
5096,28
5036,28
5083,28
5093,28
5136,28
5126,28
5048,28
5137,28
5051,28
5135,28
5054,28
5104,28
5133,28
5077,28
5078,28
5119,28
5029,28
5129,28
5161,28
5156,28
5057,28
5124,28
5075,28
5045,28
5144,28
5149,28
5023,28
5114,28
5038,28
5117,28
5123,28
5086,28
5066,28
5041,28
5032,28
5027,28
5025,28
5062,28
5039,28
5160,28
5138,28
5130,28
5024,28
5148,28
5058,28
5050,28
5107,28
5153,28
5040,28
5141,28
5125,28
5033,28
5103,28
5087,28
5091,28
5146,28
5046,28
5090,28
5074,28
5139,28
5037,28
5055,28
5079,28
5082,28
5073,28
5122,28
5115,28
5049,28
5030,28
5147,28
5127,28
5059,28
5111,28
5112,28
5034,28
5072,28
5043,28
5110,28
5056,28
5143,28
5080,28
5064,28
5085,28
5060,28
5097,28
5116,28
5154,28
5065,28
5157,28
5031,28
5076,28
5118,28
5088,28
5128,28
5047,28
5105,28
5140,28
5068,28
5044,28
5042,28
5099,28
5095,28
5150,28
5070,28
5120,28
5108,28
5142,28
5113,28
5067,28
5063,28
5134,28
5053,28
5151,28
5155,28
5100,28
5159,28
5109,28
5152,28
5028,28
5121,28
5158,28
5081,28
5052,28
5092,28
5071,28
9486,52
9388,52
9434,52
9408,52
9355,52
9451,52
9364,52
9318,52
9436,52
9313,52
9409,52
9426,52
9429,52
9321,52
9463,52
9320,52
9331,52
9298,52
9345,52
9441,52
9346,52
9462,52
9420,52
9450,52
9356,52
9374,52
9382,52
9435,52
9495,52
9446,52
9338,52
9405,52
9361,52
9482,52
9306,52
9511,52
9317,52
9379,52
9394,52
9431,52
9341,52
9360,52
9421,52
9459,52
9440,52
9357,52
9370,52
9323,52
9502,52
9390,52
9350,52
9455,52
9300,52
9508,52
9297,52
9397,52
9336,52
9396,52
9461,52
9415,52
9423,52
9337,52
9452,52
9319,52
9489,52
9475,52
9387,52
9375,52
9371,52
9477,52
9340,52
9427,52
9418,52
9417,52
9311,52
9402,52
9472,52
9457,52
9348,52
9480,52
9296,52
9504,52
9373,52
9493,52
9453,52
9381,52
9372,52
9448,52
9505,52
9488,52
9414,52
9484,52
9433,52
9470,52
9399,52
9299,52
9416,52
9507,52
9438,52
9334,52
9359,52
9398,52
9386,52
9324,52
9403,52
9476,52
9490,52
9430,52
9496,52
9407,52
9353,52
9479,52
9478,52
9469,52
9509,52
9481,52
9392,52
9305,52
9358,52
9363,52
9385,52
9349,52
9485,52
9467,52
9468,52
9369,52
9400,52
9428,52
9424,52
9494,52
9506,52
9333,52
9460,52
9380,52
9503,52
9395,52
9365,52
9332,52
9443,52
9439,52
9491,52
9314,52
9366,52
9406,52
9315,52
9471,52
9454,52
9383,52
9302,52
9473,52
9419,52
9510,52
9339,52
9492,52
9449,52
9393,52
9335,52
9342,52
9401,52
9304,52
9497,52
9367,52
9376,52
9303,52
9501,52
9322,52
9391,52
9316,52
9351,52
9354,52
9474,52
9329,52
9404,52
9465,52
9464,52
9410,52
9458,52
9326,52
9425,52
9445,52
9328,52
9411,52
9487,52
9498,52
9343,52
9500,52
9308,52
9499,52
9389,52
9307,52
9295,52
9344,52
9347,52
9310,52
9352,52
9422,52
9312,52
9444,52
9377,52
9330,52
9384,52
9432,52
9447,52
9437,52
9327,52
9362,52
9413,52
9325,52
9483,52
9442,52
9368,52
9378,52
9456,52
9301,52
9412,52
9309,52
9466,52
10990,60
10824,60
10956,60
10884,60
10912,60
10923,60
10851,60
10845,60
10812,60
11019,60
10817,60
10860,60
10806,60
10858,60
10879,60
10809,60
10941,60
10996,60
10922,60
10930,60
10818,60
10942,60
10994,60
10972,60
10867,60
10926,60
10991,60
10862,60
10859,60
10833,60
10866,60
10904,60
10995,60
10826,60
10983,60
11016,60
10970,60
10909,60
10829,60
10915,60
10947,60
10819,60
10852,60
10992,60
10849,60
10937,60
10864,60
10814,60
10873,60
10993,60
10881,60
10892,60
10981,60
11020,60
10973,60
10917,60
10919,60
10955,60
10960,60
10889,60
11010,60
10927,60
10857,60
10914,60
10903,60
10934,60
10827,60
10880,60
10855,60
10865,60
11002,60
11014,60
10888,60
10921,60
10900,60
10945,60
10804,60
10949,60
10907,60
10891,60
10944,60
10847,60
10928,60
10825,60
10841,60
10953,60
10957,60
11012,60
11008,60
10920,60
10838,60
10876,60
10839,60
10886,60
10872,60
10807,60
11003,60
10863,60
10840,60
10984,60
10948,60
10938,60
10964,60
10848,60
10850,60
10986,60
11015,60
10853,60
11005,60
10989,60
10924,60
10913,60
10823,60
10985,60
10971,60
10999,60
10813,60
10975,60
10815,60
10979,60
10821,60
10870,60
10861,60
10869,60
10918,60
10997,60
10831,60
10836,60
10828,60
10837,60
10954,60
11013,60
10899,60
11001,60
10822,60
10958,60
10830,60
10895,60
10887,60
10932,60
10929,60
11009,60
10802,60
10890,60
10901,60
11011,60
10976,60
10940,60
10943,60
10875,60
10843,60
10967,60
10987,60
10846,60
10969,60
10883,60
11018,60
10980,60
10906,60
10974,60
10801,60
10820,60
10844,60
10842,60
10931,60
10935,60
10868,60
10998,60
10882,60
10871,60
10856,60
10834,60
10977,60
10916,60
10877,60
10933,60
10965,60
10961,60
10988,60
10968,60
10878,60
11007,60
10810,60
10963,60
10905,60
10896,60
10962,60
11000,60
11004,60
10978,60
10803,60
10911,60
10925,60
11006,60
10835,60
10816,60
10832,60
10874,60
10811,60
10805,60
10885,60
10936,60
11017,60
10898,60
10908,60
10897,60
10808,60
10939,60
10950,60
10854,60
10910,60
10952,60
10894,60
10959,60
10951,60
10893,60
10982,60
10946,60
10902,60
10966,60
8422,46
8449,46
8430,46
8368,46
8354,46
8344,46
8427,46
8457,46
8341,46
8420,46
8418,46
8456,46
8365,46
8452,46
8400,46
8379,46
8323,46
8353,46
8332,46
8419,46
8329,46
8333,46
8321,46
8464,46
8403,46
8337,46
8347,46
8448,46
8434,46
8389,46
8423,46
8322,46
8362,46
8331,46
8338,46
8390,46
8352,46
8327,46
8330,46
8369,46
8396,46
8415,46
8375,46
8361,46
8345,46
8446,46
8404,46
8443,46
8355,46
8335,46
8413,46
8406,46
8371,46
8411,46
8366,46
8373,46
8439,46
8444,46
8350,46
8326,46
8426,46
8410,46
8325,46
8445,46
8397,46
8407,46
8380,46
8388,46
8357,46
8463,46
8451,46
8436,46
8421,46
8342,46
8433,46
8417,46
8384,46
8428,46
8429,46
8416,46
8431,46
8376,46
8356,46
8414,46
8425,46
8359,46
8346,46
8349,46
8343,46
8441,46
8387,46
8334,46
8339,46
8377,46
8381,46
8412,46
8328,46
8360,46
8466,46
8399,46
8340,46
8458,46
8358,46
8386,46
8453,46
8383,46
8370,46
8437,46
8351,46
8409,46
8398,46
8454,46
8424,46
8324,46
8374,46
8391,46
8364,46
8393,46
8442,46
8460,46
8402,46
8455,46
8405,46
8465,46
8401,46
8440,46
8462,46
8432,46
8395,46
8394,46
8408,46
8450,46
8435,46
8363,46
8348,46
8378,46
8461,46
8392,46
8336,46
8447,46
8385,46
8367,46
8459,46
8438,46
8382,46
8372,46
4677,26
4757,26
4791,26
4802,26
4831,26
4798,26
4758,26
4697,26
4704,26
4809,26
4736,26
4715,26
4705,26
4728,26
4733,26
4701,26
4692,26
4813,26
4735,26
4776,26
4795,26
4774,26
4751,26
4803,26
4772,26
4726,26
4824,26
4689,26
4760,26
4787,26
4786,26
4762,26
4717,26
4721,26
4821,26
4720,26
4706,26
4752,26
4801,26
4806,26
4681,26
4833,26
4773,26
4687,26
4741,26
4797,26
4771,26
4761,26
4759,26
4755,26
4820,26
4683,26
4830,26
4827,26
4749,26
4730,26
4832,26
4729,26
4796,26
4763,26
4817,26
4747,26
4756,26
4814,26
4775,26
4731,26
4767,26
4737,26
4826,26
4698,26
4785,26
4703,26
4781,26
4691,26
4805,26
4766,26
4676,26
4738,26
4792,26
4811,26
4778,26
4819,26
4722,26
4812,26
4799,26
4790,26
4694,26
4678,26
4725,26
4675,26
4710,26
4815,26
4769,26
4708,26
4719,26
4740,26
4816,26
4780,26
4684,26
4702,26
4825,26
4783,26
4679,26
4777,26
4808,26
4696,26
4699,26
4700,26
4734,26
4746,26
4732,26
4744,26
4800,26
4723,26
4714,26
4718,26
4754,26
4822,26
4818,26
4745,26
4690,26
4685,26
4829,26
4682,26
4695,26
4810,26
4739,26
4768,26
4788,26
4693,26
4765,26
4782,26
4713,26
4709,26
4784,26
4794,26
4688,26
4674,26
4770,26
4793,26
4823,26
4707,26
4804,26
4686,26
4789,26
4711,26
4712,26
4828,26
4716,26
4724,26
4764,26
4742,26
4743,26
4779,26
4807,26
4748,26
4750,26
4680,26
4727,26
4753,26
329,2
202,2
204,2
298,2
278,2
262,2
224,2
344,2
281,2
319,2
279,2
277,2
200,2
249,2
253,2
303,2
339,2
225,2
320,2
318,2
199,2
321,2
333,2
283,2
337,2
304,2
285,2
273,2
220,2
291,2
203,2
214,2
226,2
312,2
247,2
242,2
302,2
342,2
295,2
286,2
332,2
261,2
251,2
236,2
317,2
335,2
201,2
299,2
334,2
212,2
252,2
328,2
347,2
215,2
293,2
330,2
208,2
205,2
210,2
240,2
275,2
265,2
338,2
314,2
222,2
267,2
311,2
213,2
231,2
269,2
307,2
324,2
209,2
315,2
257,2
343,2
341,2
326,2
207,2
198,2
238,2
310,2
346,2
258,2
219,2
255,2
235,2
280,2
216,2
239,2
232,2
233,2
323,2
241,2
313,2
308,2
197,2
237,2
228,2
325,2
223,2
234,2
266,2
305,2
290,2
218,2
217,2
250,2
206,2
309,2
296,2
254,2
287,2
348,2
294,2
260,2
263,2
340,2
289,2
306,2
270,2
288,2
227,2
292,2
300,2
345,2
259,2
322,2
297,2
243,2
284,2
274,2
327,2
301,2
221,2
316,2
282,2
256,2
336,2
271,2
230,2
245,2
229,2
264,2
268,2
246,2
331,2
248,2
272,2
276,2
211,2
244,2
8990,50
8984,50
9064,50
9103,50
9078,50
9015,50
8974,50
9092,50
8985,50
9006,50
9090,50
9068,50
9013,50
9107,50
8961,50
9098,50
8983,50
9059,50
9110,50
8981,50
8998,50
8962,50
8996,50
9025,50
8939,50
9100,50
9032,50
9109,50
8968,50
8972,50
8951,50
8967,50
9056,50
9091,50
9014,50
8941,50
9037,50
9053,50
8965,50
9105,50
9066,50
9112,50
8964,50
8954,50
9009,50
9007,50
8989,50
9069,50
8973,50
9045,50
9081,50
9071,50
9021,50
8992,50
9017,50
9039,50
8978,50
8945,50
9065,50
8942,50
9029,50
9101,50
8982,50
9057,50
9094,50
8976,50
9086,50
8963,50
8977,50
9084,50
9099,50
8987,50
9012,50
8950,50
8959,50
9048,50
9011,50
8986,50
8944,50
8979,50
8991,50
9034,50
9046,50
9055,50
9028,50
9082,50
8975,50
8993,50
9004,50
9010,50
9070,50
8956,50
9063,50
9088,50
8971,50
9052,50
9035,50
9016,50
9049,50
9087,50
9044,50
9058,50
9097,50
9106,50
9040,50
9030,50
9104,50
9031,50
9050,50
9018,50
9051,50
9020,50
9076,50
8994,50
8943,50
9054,50
9085,50
9096,50
8960,50
9075,50
8955,50
9001,50
9095,50
9042,50
9002,50
8988,50
9038,50
8966,50
9072,50
8995,50
9073,50
9003,50
9080,50
8946,50
8997,50
8940,50
9036,50
9113,50
9093,50
8969,50
9005,50
9074,50
8980,50
9102,50
9019,50
8952,50
8949,50
9022,50
9062,50
9067,50
9026,50
9008,50
9023,50
9108,50
8999,50
9089,50
9041,50
8948,50
9060,50
8947,50
9111,50
9079,50
9043,50
8970,50
9000,50
8957,50
8958,50
9061,50
9027,50
8953,50
9077,50
9033,50
9024,50
9083,50
9047,50
1954,12
2011,12
1985,12
2113,12
2069,12
2017,12
2050,12
1964,12
2079,12
2020,12
2063,12
1961,12
2101,12
2056,12
2135,12
2138,12
1960,12
2008,12
2039,12
2105,12
2104,12
2001,12
2021,12
1996,12
2068,12
2057,12
2029,12
2089,12
2044,12
2055,12
2023,12
1973,12
2103,12
2060,12
1963,12
2099,12
1986,12
1959,12
1971,12
2037,12
2040,12
2066,12
2088,12
2015,12
2120,12
2022,12
2094,12
2035,12
2024,12
1990,12
2073,12
2083,12
2096,12
1998,12
2033,12
2027,12
2131,12
2026,12
2100,12
1995,12
2090,12
2018,12
2074,12
2126,12
2139,12
2116,12
2114,12
2036,12
2119,12
1977,12
2053,12
2038,12
2108,12
2034,12
1958,12
2118,12
2028,12
1994,12
1988,12
1974,12
2030,12
2111,12
2112,12
1993,12
1957,12
2081,12
2091,12
1965,12
2115,12
1975,12
2072,12
2107,12
2062,12
2129,12
1953,12
2071,12
2016,12
2059,12
1987,12
1970,12
1999,12
1968,12
2141,12
1991,12
2005,12
1978,12
2085,12
2051,12
2014,12
2087,12
1955,12
2095,12
2031,12
2043,12
2078,12
2049,12
2110,12
2077,12
2006,12
2064,12
2067,12
2125,12
2070,12
2076,12
2010,12
2109,12
2002,12
2054,12
2082,12
2092,12
2004,12
2061,12
2128,12
1976,12
2097,12
2140,12
2007,12
1997,12
2042,12
2045,12
1981,12
2032,12
2136,12
2052,12
2130,12
2122,12
2121,12
1966,12
1984,12
2013,12
2065,12
1956,12
1989,12
2009,12
1992,12
2058,12
2025,12
2047,12
2003,12
1969,12
2123,12
2117,12
2041,12
2124,12
2075,12
2133,12
2012,12
2000,12
2080,12
1982,12
1979,12
2093,12
1983,12
2086,12
2084,12
2137,12
2102,12
1967,12
2132,12
2098,12
2048,12
2127,12
2106,12
1980,12
2019,12
1972,12
2046,12
2134,12
1951,12
1962,12
1952,12
4010,22
4140,22
4081,22
4024,22
4028,22
4175,22
4035,22
4166,22
4141,22
4163,22
4095,22
4054,22
4077,22
4063,22
4069,22
4156,22
4161,22
4039,22
4157,22
4112,22
4097,22
4033,22
4080,22
4154,22
4150,22
4158,22
4087,22
4132,22
4016,22
4058,22
4079,22
4065,22
4094,22
4030,22
4114,22
4107,22
4167,22
4177,22
4109,22
4098,22
4121,22
4130,22
4008,22
4115,22
4176,22
4018,22
4149,22
4056,22
4026,22
4148,22
4134,22
4062,22
4017,22
4044,22
4152,22
4040,22
4068,22
4131,22
4127,22
4042,22
4009,22
4043,22
4123,22
4110,22
4074,22
4086,22
4019,22
4088,22
4076,22
4064,22
4139,22
4096,22
4133,22
4105,22
4122,22
4151,22
4168,22
4029,22
4170,22
4078,22
4101,22
4070,22
4174,22
4145,22
4022,22
4089,22
4126,22
4117,22
4160,22
4147,22
4153,22
4045,22
4032,22
4111,22
4155,22
4041,22
4143,22
4052,22
4090,22
4083,22
4162,22
4007,22
4013,22
4169,22
4034,22
4159,22
4144,22
4037,22
4108,22
4023,22
4082,22
4125,22
4103,22
4171,22
4072,22
4142,22
4060,22
4053,22
4118,22
4093,22
4059,22
4073,22
4048,22
4104,22
4061,22
4091,22
4136,22
4146,22
4075,22
4084,22
4012,22
4057,22
4015,22
4129,22
4092,22
4049,22
4067,22
4027,22
4164,22
4119,22
4036,22
4066,22
4055,22
4135,22
4173,22
4071,22
4113,22
4172,22
4047,22
4116,22
4099,22
4050,22
4100,22
4046,22
4051,22
4038,22
4011,22
4025,22
4106,22
4124,22
4120,22
4165,22
4014,22
4020,22
4102,22
4031,22
4128,22
4138,22
4137,22
4021,22
4085,22
4496,25
4499,25
4584,25
4598,25
4483,25
4643,25
4554,25
4578,25
4559,25
4547,25
4663,25
4543,25
4520,25
4658,25
4488,25
4616,25
4604,25
4551,25
4566,25
4624,25
4592,25
4481,25
4639,25
4521,25
4638,25
4513,25
4541,25
4626,25
4600,25
4497,25
4587,25
4487,25
4560,25
4619,25
4654,25
4596,25
4491,25
4630,25
4577,25
4546,25
4542,25
4599,25
4485,25
4498,25
4620,25
4659,25
4588,25
4648,25
4489,25
4524,25
4612,25
4645,25
4618,25
4536,25
4494,25
4611,25
4580,25
4558,25
4567,25
4661,25
4574,25
4632,25
4572,25
4480,25
4527,25
4565,25
4579,25
4501,25
4625,25
4601,25
4635,25
4539,25
4622,25
4671,25
4586,25
4500,25
4506,25
4519,25
4486,25
4615,25
4655,25
4531,25
4608,25
4652,25
4634,25
4597,25
4522,25
4614,25
4505,25
4650,25
4495,25
4515,25
4550,25
4590,25
4582,25
4504,25
4669,25
4610,25
4537,25
4568,25
4493,25
4666,25
4534,25
4564,25
4484,25
4594,25
4656,25
4621,25
4557,25
4516,25
4571,25
4552,25
4607,25
4540,25
4509,25
4563,25
4641,25
4591,25
4653,25
4633,25
4555,25
4636,25
4609,25
4593,25
4644,25
4526,25
4512,25
4637,25
4532,25
4514,25
4581,25
4535,25
4595,25
4517,25
4511,25
4651,25
4482,25
4490,25
4508,25
4642,25
4569,25
4538,25
4523,25
4623,25
4575,25
4528,25
4529,25
4670,25
4662,25
4664,25
4617,25
4585,25
4660,25
4544,25
4570,25
4545,25
4646,25
4548,25
4603,25
4530,25
4627,25
4561,25
4649,25
4503,25
4556,25
4518,25
4562,25
4533,25
4573,25
4553,25
4525,25
4629,25
4665,25
4589,25
4647,25
4510,25
4602,25
4668,25
4492,25
4667,25
4583,25
4672,25
4631,25
4606,25
4576,25
4613,25
4549,25
4628,25
4507,25
4657,25
4502,25
4640,25
4605,25
4673,25
6004,32
5814,32
5872,32
5923,32
5792,32
5916,32
5865,32
5829,32
5887,32
5904,32
5950,32
6005,32
5863,32
5951,32
5819,32
5825,32
5868,32
5895,32
5849,32
5782,32
5797,32
5954,32
5925,32
5806,32
5977,32
5963,32
5939,32
5889,32
5850,32
5924,32
5896,32
5832,32
5851,32
5871,32
5840,32
5837,32
5945,32
5970,32
5955,32
5831,32
5898,32
5783,32
5796,32
5986,32
5914,32
5882,32
5915,32
5828,32
5942,32
6001,32
5964,32
5867,32
5823,32
5927,32
5905,32
6002,32
5956,32
6008,32
5843,32
5938,32
5862,32
5777,32
5936,32
5957,32
5983,32
5931,32
5773,32
5989,32
5937,32
5933,32
5910,32
5786,32
5969,32
5811,32
5815,32
5785,32
5886,32
5842,32
5948,32
5873,32
6007,32
5781,32
5912,32
5899,32
5949,32
5860,32
5901,32
5880,32
5808,32
5784,32
5827,32
6000,32
5903,32
5952,32
5940,32
5971,32
5853,32
5900,32
5838,32
5820,32
5774,32
5976,32
5787,32
5874,32
5999,32
5866,32
5795,32
5861,32
5859,32
5994,32
5807,32
5790,32
5997,32
5929,32
5979,32
5841,32
5779,32
5794,32
5947,32
5778,32
5993,32
5978,32
5809,32
5930,32
5953,32
5805,32
5869,32
5883,32
5835,32
5974,32
5818,32
5943,32
5845,32
5960,32
5965,32
5946,32
5892,32
5992,32
5802,32
5836,32
5920,32
5800,32
5789,32
5801,32
5830,32
5973,32
5844,32
5812,32
5855,32
5998,32
5834,32
5928,32
5803,32
6009,32
5907,32
5902,32
5788,32
5858,32
5822,32
5919,32
5909,32
5821,32
5848,32
5972,32
5870,32
5775,32
5968,32
5799,32
5966,32
5852,32
5985,32
5926,32
5991,32
5990,32
5967,32
5885,32
5922,32
5890,32
5776,32
5944,32
5877,32
5959,32
5864,32
5988,32
5878,32
5888,32
5810,32
5798,32
5987,32
5980,32
5826,32
5847,32
5854,32
5879,32
5962,32
5934,32
5817,32
5793,32
5833,32
5804,32
5981,32
5839,32
5824,32
5918,32
6003,32
5884,32
5891,32
5941,32
5982,32
5961,32
5881,32
5984,32
5856,32
5906,32
5780,32
5897,32
5893,32
5995,32
5791,32
5857,32
5908,32
5958,32
5932,32
5996,32
5975,32
5875,32
5921,32
5813,32
5846,32
5935,32
5917,32
5816,32
6006,32
5913,32
5911,32
5876,32
5894,32
10533,58
10510,58
10587,58
10403,58
10433,58
10491,58
10476,58
10459,58
10486,58
10482,58
10412,58
10432,58
10594,58
10578,58
10461,58
10423,58
10541,58
10577,58
10460,58
10506,58
10436,58
10599,58
10404,58
10563,58
10523,58
10451,58
10508,58
10490,58
10538,58
10499,58
10597,58
10472,58
10513,58
10552,58
10540,58
10468,58
10555,58
10392,58
10417,58
10408,58
10558,58
10418,58
10527,58
10531,58
10551,58
10495,58
10453,58
10496,58
10401,58
10471,58
10405,58
10592,58
10504,58
10415,58
10571,58
10598,58
10525,58
10522,58
10535,58
10581,58
10521,58
10547,58
10600,58
10485,58
10601,58
10438,58
10425,58
10596,58
10431,58
10385,58
10428,58
10539,58
10572,58
10469,58
10427,58
10585,58
10389,58
10445,58
10589,58
10439,58
10514,58
10534,58
10502,58
10422,58
10565,58
10497,58
10501,58
10388,58
10569,58
10395,58
10573,58
10526,58
10518,58
10529,58
10420,58
10537,58
10429,58
10416,58
10583,58
10384,58
10595,58
10545,58
10434,58
10467,58
10409,58
10421,58
10442,58
10556,58
10397,58
10542,58
10455,58
10584,58
10448,58
10487,58
10391,58
10470,58
10454,58
10474,58
10463,58
10386,58
10516,58
10413,58
10570,58
10536,58
10477,58
10524,58
10483,58
10493,58
10505,58
10426,58
10492,58
10398,58
10488,58
10546,58
10554,58
10464,58
10544,58
10590,58
10548,58
10489,58
10500,58
10462,58
10543,58
10407,58
10479,58
10603,58
10446,58
10390,58
10560,58
10387,58
10588,58
10481,58
10579,58
10480,58
10574,58
10458,58
10532,58
10466,58
10435,58
10582,58
10457,58
10419,58
10515,58
10575,58
10593,58
10399,58
10456,58
10511,58
10517,58
10561,58
10519,58
10550,58
10478,58
10475,58
10447,58
10503,58
10410,58
10528,58
10586,58
10437,58
10591,58
10411,58
10557,58
10430,58
10509,58
10400,58
10507,58
10566,58
10568,58
10494,58
10393,58
10567,58
10452,58
10406,58
10396,58
10484,58
10394,58
10520,58
10498,58
10441,58
10473,58
10564,58
10449,58
10465,58
10444,58
10424,58
10553,58
10559,58
10576,58
10402,58
10562,58
10450,58
10414,58
10602,58
10549,58
10580,58
10443,58
10512,58
10440,58
10530,58
7802,42
7624,42
7678,42
7789,42
7683,42
7639,42
7806,42
7766,42
7646,42
7703,42
7811,42
7810,42
7741,42
7701,42
7732,42
7661,42
7664,42
7757,42
7781,42
7632,42
7737,42
7834,42
7795,42
7759,42
7767,42
7620,42
7711,42
7740,42
7688,42
7788,42
7777,42
7749,42
7764,42
7730,42
7704,42
7734,42
7824,42
7677,42
7626,42
7707,42
7658,42
7832,42
7612,42
7596,42
7689,42
7747,42
7823,42
7709,42
7609,42
7819,42
7716,42
7748,42
7783,42
7619,42
7746,42
7642,42
7610,42
7718,42
7803,42
7775,42
7621,42
7592,42
7686,42
7830,42
7784,42
7808,42
7813,42
7733,42
7657,42
7606,42
7670,42
7594,42
7731,42
7723,42
7681,42
7735,42
7648,42
7794,42
7753,42
7738,42
7685,42
7630,42
7831,42
7836,42
7595,42
7772,42
7774,42
7697,42
7675,42
7605,42
7608,42
7645,42
7617,42
7696,42
7763,42
7822,42
7643,42
7799,42
7672,42
7598,42
7790,42
7590,42
7721,42
7616,42
7700,42
7650,42
7636,42
7752,42
7726,42
7724,42
7665,42
7690,42
7785,42
7637,42
7833,42
7591,42
7656,42
7706,42
7756,42
7613,42
7674,42
7825,42
7826,42
7623,42
7778,42
7603,42
7801,42
7629,42
7618,42
7739,42
7691,42
7751,42
7779,42
7722,42
7655,42
7627,42
7761,42
7725,42
7762,42
7652,42
7651,42
7820,42
7827,42
7815,42
7638,42
7814,42
7668,42
7713,42
7702,42
7635,42
7744,42
7633,42
7601,42
7786,42
7647,42
7750,42
7809,42
7692,42
7780,42
7694,42
7699,42
7684,42
7776,42
7817,42
7728,42
7743,42
7727,42
7816,42
7805,42
7593,42
7710,42
7821,42
7600,42
7758,42
7653,42
7729,42
7676,42
7719,42
7804,42
7631,42
7754,42
7787,42
7663,42
7797,42
7611,42
7669,42
7634,42
7666,42
7792,42
7768,42
7742,42
7745,42
7602,42
7791,42
7628,42
7773,42
7622,42
7649,42
7828,42
7807,42
7607,42
7770,42
7714,42
7771,42
7736,42
7796,42
7793,42
7798,42
7720,42
7614,42
7673,42
7615,42
7687,42
7717,42
7599,42
7800,42
7654,42
7625,42
7693,42
7680,42
7644,42
7662,42
7640,42
7708,42
7659,42
7755,42
7812,42
7641,42
7667,42
7705,42
7818,42
7760,42
7660,42
7698,42
7682,42
7695,42
7597,42
7604,42
7679,42
7715,42
7782,42
7829,42
7765,42
7712,42
7671,42
7769,42
7835,42
7280,39
7297,39
7202,39
7285,39
7104,39
7169,39
7165,39
7251,39
7293,39
7122,39
7102,39
7281,39
7115,39
7282,39
7241,39
7127,39
7218,39
7258,39
7270,39
7164,39
7248,39
7239,39
7256,39
7144,39
7175,39
7178,39
7295,39
7192,39
7216,39
7109,39
7146,39
7223,39
7276,39
7123,39
7267,39
7134,39
7103,39
7265,39
7152,39
7291,39
7126,39
7242,39
7262,39
7173,39
7235,39
7211,39
7220,39
7179,39
7128,39
7207,39
7105,39
7243,39
7205,39
7177,39
7273,39
7151,39
7141,39
7137,39
7257,39
7259,39
7298,39
7174,39
7247,39
7219,39
7252,39
7162,39
7118,39
7172,39
7290,39
7181,39
7260,39
7160,39
7163,39
7279,39
7117,39
7142,39
7212,39
7191,39
7107,39
7238,39
7159,39
7180,39
7153,39
7226,39
7198,39
7206,39
7154,39
7195,39
7228,39
7183,39
7263,39
7240,39
7201,39
7246,39
7200,39
7186,39
7145,39
7217,39
7296,39
7170,39
7166,39
7120,39
7167,39
7155,39
7222,39
7190,39
7113,39
7264,39
7138,39
7133,39
7214,39
7266,39
7136,39
7234,39
7288,39
7129,39
7227,39
7194,39
7294,39
7255,39
7283,39
7121,39
7149,39
7143,39
7236,39
7237,39
7158,39
7286,39
7176,39
7187,39
7287,39
7245,39
7261,39
7197,39
7225,39
7168,39
7189,39
7185,39
7182,39
7108,39
7114,39
7184,39
7215,39
7208,39
7147,39
7277,39
7244,39
7119,39
7196,39
7188,39
7268,39
7250,39
7275,39
7278,39
7148,39
7284,39
7193,39
7221,39
7232,39
7231,39
7110,39
7171,39
7156,39
7131,39
7272,39
7112,39
7157,39
7125,39
7203,39
7199,39
7210,39
7139,39
7124,39
7271,39
7132,39
7130,39
7135,39
7229,39
7111,39
7140,39
7289,39
7230,39
7224,39
7106,39
7254,39
7161,39
7249,39
7233,39
7292,39
7150,39
7274,39
7116,39
7253,39
7209,39
7213,39
7269,39
7204,39
77,1
193,1
31,1
161,1
188,1
75,1
177,1
189,1
154,1
183,1
162,1
156,1
2,1
108,1
133,1
63,1
83,1
10,1
166,1
46,1
14,1
160,1
35,1
114,1
21,1
98,1
36,1
12,1
82,1
101,1
47,1
132,1
124,1
79,1
180,1
192,1
163,1
67,1
125,1
173,1
11,1
91,1
148,1
42,1
43,1
99,1
159,1
130,1
9,1
93,1
131,1
113,1
18,1
172,1
61,1
90,1
88,1
50,1
100,1
127,1
149,1
187,1
178,1
123,1
170,1
167,1
34,1
4,1
44,1
73,1
29,1
87,1
143,1
78,1
52,1
126,1
151,1
5,1
153,1
81,1
129,1
72,1
49,1
26,1
102,1
27,1
121,1
169,1
144,1
112,1
84,1
94,1
37,1
155,1
32,1
20,1
176,1
13,1
59,1
110,1
19,1
109,1
141,1
120,1
58,1
41,1
69,1
76,1
140,1
165,1
16,1
137,1
68,1
158,1
15,1
184,1
136,1
116,1
181,1
119,1
8,1
186,1
24,1
71,1
1,1
39,1
157,1
54,1
103,1
122,1
7,1
145,1
196,1
56,1
174,1
179,1
185,1
38,1
65,1
175,1
6,1
51,1
138,1
171,1
146,1
60,1
80,1
55,1
25,1
89,1
62,1
96,1
135,1
128,1
22,1
117,1
23,1
48,1
168,1
40,1
182,1
139,1
97,1
86,1
92,1
28,1
70,1
33,1
74,1
111,1
53,1
66,1
85,1
64,1
191,1
142,1
17,1
134,1
147,1
107,1
45,1
105,1
194,1
57,1
104,1
115,1
190,1
106,1
164,1
3,1
150,1
118,1
95,1
152,1
195,1
30,1
5473,30
5434,30
5401,30
5468,30
5456,30
5463,30
5428,30
5409,30
5449,30
5405,30
5466,30
5436,30
5453,30
5523,30
5377,30
5411,30
5391,30
5441,30
5433,30
5526,30
5394,30
5518,30
5443,30
5389,30
5499,30
5403,30
5467,30
5399,30
5444,30
5498,30
5507,30
5438,30
5517,30
5419,30
5448,30
5435,30
5392,30
5511,30
5408,30
5368,30
5424,30
5429,30
5497,30
5469,30
5470,30
5482,30
5457,30
5426,30
5421,30
5373,30
5439,30
5461,30
5522,30
5495,30
5510,30
5442,30
5515,30
5383,30
5376,30
5416,30
5425,30
5382,30
5496,30
5503,30
5500,30
5464,30
5504,30
5494,30
5492,30
5454,30
5437,30
5406,30
5400,30
5369,30
5486,30
5484,30
5502,30
5420,30
5390,30
5440,30
5452,30
5475,30
5480,30
5465,30
5516,30
5378,30
5398,30
5491,30
5418,30
5459,30
5512,30
5404,30
5432,30
5493,30
5479,30
5427,30
5414,30
5372,30
5374,30
5375,30
5447,30
5397,30
5525,30
5386,30
5455,30
5506,30
5445,30
5407,30
5385,30
5446,30
5520,30
5402,30
5462,30
5487,30
5521,30
5501,30
5413,30
5471,30
5370,30
5519,30
5489,30
5458,30
5460,30
5477,30
5412,30
5393,30
5371,30
5472,30
5417,30
5388,30
5488,30
5476,30
5431,30
5481,30
5483,30
5474,30
5505,30
5524,30
5387,30
5450,30
5451,30
5509,30
5410,30
5430,30
5478,30
5396,30
5395,30
5379,30
5381,30
5490,30
5422,30
5513,30
5384,30
5508,30
5423,30
5415,30
5514,30
5485,30
5380,30
7307,40
7376,40
7313,40
7392,40
7433,40
7324,40
7412,40
7380,40
7410,40
7379,40
7349,40
7360,40
7419,40
7357,40
7388,40
7400,40
7372,40
7367,40
7397,40
7302,40
7422,40
7369,40
7323,40
7414,40
7386,40
7401,40
7301,40
7387,40
7399,40
7318,40
7351,40
7434,40
7382,40
7332,40
7432,40
7310,40
7418,40
7358,40
7359,40
7442,40
7436,40
7365,40
7303,40
7356,40
7362,40
7331,40
7404,40
7320,40
7300,40
7395,40
7366,40
7353,40
7427,40
7415,40
7416,40
7394,40
7334,40
7345,40
7443,40
7330,40
7361,40
7305,40
7420,40
7402,40
7431,40
7389,40
7424,40
7339,40
7411,40
7371,40
7439,40
7319,40
7393,40
7347,40
7441,40
7430,40
7391,40
7377,40
7408,40
7396,40
7325,40
7343,40
7322,40
7328,40
7383,40
7373,40
7336,40
7438,40
7346,40
7354,40
7317,40
7423,40
7340,40
7326,40
7384,40
7428,40
7406,40
7375,40
7304,40
7311,40
7333,40
7314,40
7409,40
7378,40
7355,40
7338,40
7425,40
7435,40
7426,40
7327,40
7312,40
7407,40
7370,40
7342,40
7437,40
7417,40
7335,40
7315,40
7364,40
7344,40
7363,40
7350,40
7385,40
7381,40
7299,40
7306,40
7341,40
7309,40
7405,40
7398,40
7316,40
7308,40
7348,40
7337,40
7403,40
7440,40
7321,40
7390,40
7329,40
7421,40
7368,40
7429,40
7374,40
7413,40
7352,40
6124,33
6087,33
6173,33
6098,33
6165,33
6023,33
6103,33
6036,33
6055,33
6129,33
6121,33
6078,33
6106,33
6138,33
6112,33
6013,33
6167,33
6126,33
6014,33
6104,33
6097,33
6012,33
6113,33
6024,33
6156,33
6108,33
6120,33
6048,33
6051,33
6080,33
6125,33
6061,33
6152,33
6100,33
6065,33
6115,33
6045,33
6175,33
6016,33
6077,33
6011,33
6169,33
6043,33
6144,33
6164,33
6177,33
6141,33
6090,33
6074,33
6135,33
6033,33
6101,33
6109,33
6022,33
6099,33
6178,33
6122,33
6139,33
6037,33
6026,33
6154,33
6089,33
6029,33
6157,33
6092,33
6123,33
6084,33
6166,33
6075,33
6137,33
6161,33
6119,33
6056,33
6064,33
6160,33
6134,33
6042,33
6170,33
6133,33
6114,33
6176,33
6072,33
6044,33
6105,33
6143,33
6038,33
6049,33
6041,33
6059,33
6128,33
6035,33
6079,33
6018,33
6034,33
6162,33
6171,33
6063,33
6093,33
6150,33
6116,33
6145,33
6015,33
6102,33
6017,33
6148,33
6069,33
6091,33
6081,33
6142,33
6062,33
6046,33
6155,33
6118,33
6110,33
6068,33
6030,33
6117,33
6071,33
6040,33
6172,33
6020,33
6149,33
6086,33
6058,33
6132,33
6047,33
6028,33
6094,33
6127,33
6085,33
6021,33
6073,33
6095,33
6052,33
6053,33
6158,33
6136,33
6147,33
6025,33
6082,33
6067,33
6019,33
6163,33
6168,33
6153,33
6057,33
6066,33
6070,33
6027,33
6039,33
6083,33
6174,33
6010,33
6140,33
6151,33
6159,33
6050,33
6130,33
6088,33
6146,33
6031,33
6096,33
6076,33
6060,33
6107,33
6054,33
6131,33
6032,33
6111,33
9164,51
9158,51
9125,51
9163,51
9257,51
9269,51
9223,51
9140,51
9176,51
9265,51
9201,51
9244,51
9168,51
9191,51
9235,51
9236,51
9114,51
9129,51
9232,51
9224,51
9174,51
9230,51
9239,51
9290,51
9178,51
9271,51
9203,51
9280,51
9256,51
9131,51
9218,51
9245,51
9127,51
9278,51
9263,51
9250,51
9206,51
9122,51
9293,51
9285,51
9258,51
9264,51
9261,51
9156,51
9124,51
9155,51
9169,51
9231,51
9207,51
9270,51
9220,51
9208,51
9272,51
9167,51
9212,51
9288,51
9229,51
9193,51
9210,51
9294,51
9240,51
9202,51
9196,51
9286,51
9149,51
9135,51
9238,51
9134,51
9217,51
9276,51
9126,51
9120,51
9166,51
9209,51
9142,51
9118,51
9137,51
9143,51
9266,51
9192,51
9197,51
9119,51
9146,51
9204,51
9181,51
9151,51
9189,51
9194,51
9195,51
9128,51
9175,51
9154,51
9277,51
9162,51
9147,51
9247,51
9179,51
9165,51
9116,51
9170,51
9186,51
9221,51
9222,51
9136,51
9199,51
9185,51
9254,51
9172,51
9273,51
9205,51
9213,51
9152,51
9211,51
9251,51
9274,51
9148,51
9281,51
9259,51
9177,51
9214,51
9216,51
9123,51
9241,51
9188,51
9289,51
9227,51
9249,51
9268,51
9183,51
9255,51
9117,51
9198,51
9253,51
9160,51
9275,51
9182,51
9228,51
9115,51
9133,51
9153,51
9215,51
9246,51
9180,51
9260,51
9262,51
9132,51
9145,51
9226,51
9184,51
9138,51
9121,51
9242,51
9173,51
9225,51
9283,51
9200,51
9187,51
9267,51
9161,51
9157,51
9287,51
9141,51
9150,51
9292,51
9234,51
9144,51
9252,51
9248,51
9233,51
9284,51
9279,51
9237,51
9190,51
9291,51
9282,51
9243,51
9139,51
9219,51
9130,51
9159,51
9171,51
9691,54
9721,54
9765,54
9725,54
9718,54
9843,54
9844,54
9696,54
9865,54
9665,54
9766,54
9695,54
9680,54
9743,54
9807,54
9864,54
9693,54
9867,54
9768,54
9767,54
9763,54
9706,54
9813,54
9770,54
9826,54
9773,54
9827,54
9828,54
9705,54
9846,54
9703,54
9729,54
9819,54
9769,54
9668,54
9842,54
9848,54
9751,54
9790,54
9782,54
9772,54
9700,54
9760,54
9699,54
9798,54
9779,54
9679,54
9682,54
9663,54
9761,54
9686,54
9799,54
9713,54
9805,54
9764,54
9731,54
9694,54
9734,54
9666,54
9850,54
9754,54
9795,54
9849,54
9701,54
9746,54
9715,54
9724,54
9783,54
9856,54
9709,54
9755,54
9818,54
9863,54
9788,54
9808,54
9692,54
9785,54
9858,54
9810,54
9791,54
9789,54
9744,54
9738,54
9866,54
9811,54
9752,54
9860,54
9775,54
9804,54
9745,54
9690,54
9704,54
9742,54
9714,54
9723,54
9702,54
9733,54
9821,54
9822,54
9710,54
9845,54
9667,54
9661,54
9762,54
9669,54
9837,54
9836,54
9816,54
9749,54
9660,54
9780,54
9698,54
9824,54
9662,54
9792,54
9814,54
9741,54
9683,54
9855,54
9833,54
9825,54
9675,54
9800,54
9859,54
9820,54
9759,54
9726,54
9832,54
9664,54
9797,54
9671,54
9727,54
9732,54
9720,54
9739,54
9803,54
9728,54
9796,54
9812,54
9781,54
9707,54
9853,54
9687,54
9823,54
9771,54
9777,54
9784,54
9716,54
9753,54
9834,54
9697,54
9841,54
9685,54
9847,54
9862,54
9835,54
9678,54
9722,54
9778,54
9717,54
9673,54
9854,54
9806,54
9787,54
9815,54
9802,54
9786,54
9776,54
9737,54
9757,54
9851,54
9861,54
9793,54
9677,54
9735,54
9719,54
9817,54
9712,54
9708,54
9676,54
9684,54
9750,54
9689,54
9838,54
9674,54
9829,54
9852,54
9670,54
9747,54
9688,54
9839,54
9801,54
9736,54
9794,54
9681,54
9840,54
9831,54
9774,54
9711,54
9740,54
9730,54
9830,54
9672,54
9857,54
9748,54
9809,54
9756,54
9758,54
1401,8
1431,8
1393,8
1370,8
1318,8
1384,8
1343,8
1334,8
1268,8
1286,8
1398,8
1306,8
1392,8
1272,8
1410,8
1406,8
1383,8
1276,8
1376,8
1330,8
1293,8
1277,8
1341,8
1434,8
1405,8
1429,8
1315,8
1278,8
1290,8
1320,8
1292,8
1374,8
1415,8
1381,8
1375,8
1350,8
1287,8
1333,8
1288,8
1409,8
1340,8
1396,8
1421,8
1416,8
1422,8
1302,8
1419,8
1284,8
1305,8
1403,8
1270,8
1355,8
1349,8
1408,8
1348,8
1289,8
1327,8
1353,8
1433,8
1356,8
1366,8
1354,8
1400,8
1313,8
1377,8
1339,8
1367,8
1344,8
1271,8
1322,8
1439,8
1427,8
1317,8
1347,8
1291,8
1319,8
1282,8
1424,8
1337,8
1309,8
1285,8
1310,8
1394,8
1371,8
1311,8
1359,8
1418,8
1314,8
1412,8
1372,8
1303,8
1378,8
1435,8
1312,8
1362,8
1363,8
1329,8
1307,8
1426,8
1397,8
1301,8
1380,8
1338,8
1352,8
1324,8
1279,8
1402,8
1335,8
1316,8
1369,8
1361,8
1351,8
1328,8
1342,8
1298,8
1389,8
1280,8
1365,8
1281,8
1331,8
1274,8
1360,8
1299,8
1437,8
1382,8
1269,8
1295,8
1423,8
1296,8
1388,8
1294,8
1300,8
1368,8
1404,8
1345,8
1321,8
1432,8
1373,8
1273,8
1357,8
1297,8
1399,8
1411,8
1387,8
1425,8
1304,8
1395,8
1325,8
1326,8
1275,8
1430,8
1407,8
1391,8
1379,8
1386,8
1420,8
1413,8
1436,8
1336,8
1283,8
1414,8
1428,8
1308,8
1438,8
1385,8
1358,8
1323,8
1364,8
1390,8
1346,8
1332,8
1417,8
10358,57
10213,57
10209,57
10331,57
10383,57
10365,57
10342,57
10220,57
10237,57
10293,57
10312,57
10333,57
10283,57
10242,57
10332,57
10298,57
10267,57
10282,57
10315,57
10367,57
10364,57
10317,57
10224,57
10297,57
10262,57
10301,57
10217,57
10233,57
10216,57
10361,57
10373,57
10273,57
10272,57
10247,57
10369,57
10313,57
10350,57
10372,57
10222,57
10303,57
10296,57
10344,57
10236,57
10251,57
10322,57
10212,57
10288,57
10323,57
10258,57
10294,57
10289,57
10328,57
10307,57
10370,57
10319,57
10263,57
10223,57
10232,57
10256,57
10292,57
10330,57
10201,57
10268,57
10382,57
10375,57
10381,57
10250,57
10329,57
10271,57
10261,57
10349,57
10269,57
10327,57
10199,57
10246,57
10211,57
10378,57
10314,57
10264,57
10275,57
10205,57
10203,57
10343,57
10230,57
10345,57
10235,57
10286,57
10219,57
10321,57
10304,57
10352,57
10340,57
10279,57
10357,57
10308,57
10368,57
10326,57
10339,57
10309,57
10208,57
10231,57
10299,57
10226,57
10253,57
10277,57
10239,57
10266,57
10218,57
10318,57
10371,57
10200,57
10249,57
10243,57
10337,57
10362,57
10245,57
10240,57
10255,57
10259,57
10241,57
10274,57
10354,57
10379,57
10276,57
10202,57
10310,57
10335,57
10260,57
10355,57
10336,57
10305,57
10248,57
10244,57
10210,57
10227,57
10206,57
10353,57
10290,57
10281,57
10257,57
10221,57
10254,57
10376,57
10306,57
10347,57
10207,57
10285,57
10234,57
10334,57
10360,57
10346,57
10320,57
10351,57
10270,57
10338,57
10324,57
10359,57
10302,57
10280,57
10311,57
10356,57
10287,57
10215,57
10380,57
10295,57
10265,57
10278,57
10225,57
10214,57
10300,57
10228,57
10341,57
10252,57
10366,57
10374,57
10316,57
10291,57
10238,57
10325,57
10348,57
10284,57
10377,57
10204,57
10363,57
10229,57
2644,15
2712,15
2774,15
2648,15
2743,15
2664,15
2696,15
2736,15
2689,15
2791,15
2769,15
2678,15
2688,15
2677,15
2739,15
2702,15
2652,15
2763,15
2765,15
2764,15
2719,15
2624,15
2649,15
2681,15
2695,15
2673,15
2658,15
2672,15
2691,15
2804,15
2793,15
2730,15
2666,15
2801,15
2705,15
2627,15
2700,15
2665,15
2646,15
2788,15
2638,15
2684,15
2762,15
2768,15
2639,15
2744,15
2683,15
2757,15
2655,15
2631,15
2800,15
2722,15
2799,15
2755,15
2692,15
2656,15
2770,15
2713,15
2650,15
2773,15
2734,15
2698,15
2709,15
2711,15
2667,15
2675,15
2729,15
2716,15
2651,15
2753,15
2726,15
2721,15
2662,15
2699,15
2766,15
2728,15
2706,15
2715,15
2752,15
2679,15
2802,15
2794,15
2746,15
2727,15
2756,15
2732,15
2745,15
2714,15
2792,15
2710,15
2771,15
2787,15
2780,15
2634,15
2760,15
2636,15
2707,15
2660,15
2782,15
2642,15
2735,15
2641,15
2783,15
2724,15
2657,15
2759,15
2629,15
2669,15
2795,15
2693,15
2661,15
2749,15
2750,15
2784,15
2777,15
2647,15
2676,15
2738,15
2628,15
2797,15
2772,15
2779,15
2701,15
2668,15
2790,15
2686,15
2723,15
2697,15
2694,15
2731,15
2682,15
2687,15
2741,15
2637,15
2653,15
2625,15
2659,15
2663,15
2632,15
2630,15
2680,15
2733,15
2742,15
2626,15
2798,15
2754,15
2704,15
2654,15
2758,15
2725,15
2640,15
2737,15
2803,15
2748,15
2643,15
2685,15
2671,15
2789,15
2740,15
2674,15
2781,15
2703,15
2775,15
2785,15
2767,15
2670,15
2747,15
2690,15
2776,15
2708,15
2751,15
2796,15
2633,15
2786,15
2778,15
2761,15
2717,15
2720,15
2718,15
2645,15
2635,15
8181,45
8273,45
8247,45
8189,45
8303,45
8264,45
8252,45
8203,45
8198,45
8281,45
8275,45
8238,45
8197,45
8210,45
8173,45
8283,45
8315,45
8274,45
8191,45
8241,45
8294,45
8289,45
8297,45
8179,45
8318,45
8296,45
8301,45
8260,45
8295,45
8245,45
8215,45
8254,45
8157,45
8186,45
8234,45
8223,45
8180,45
8255,45
8174,45
8153,45
8280,45
8226,45
8314,45
8235,45
8212,45
8207,45
8192,45
8237,45
8218,45
8313,45
8279,45
8309,45
8200,45
8195,45
8236,45
8206,45
8228,45
8184,45
8229,45
8276,45
8225,45
8231,45
8302,45
8307,45
8188,45
8209,45
8208,45
8214,45
8291,45
8270,45
8217,45
8230,45
8193,45
8287,45
8216,45
8261,45
8205,45
8284,45
8258,45
8169,45
8220,45
8176,45
8190,45
8293,45
8256,45
8263,45
8317,45
8211,45
8221,45
8175,45
8290,45
8272,45
8312,45
8167,45
8177,45
8320,45
8277,45
8161,45
8304,45
8269,45
8159,45
8246,45
8249,45
8282,45
8171,45
8298,45
8267,45
8286,45
8155,45
8222,45
8239,45
8243,45
8262,45
8164,45
8271,45
8172,45
8248,45
8156,45
8202,45
8259,45
8242,45
8288,45
8299,45
8151,45
8201,45
8213,45
8266,45
8224,45
8163,45
8253,45
8196,45
8152,45
8305,45
8154,45
8194,45
8158,45
8311,45
8265,45
8300,45
8278,45
8199,45
8319,45
8187,45
8182,45
8250,45
8168,45
8257,45
8219,45
8166,45
8233,45
8251,45
8160,45
8285,45
8316,45
8185,45
8165,45
8204,45
8244,45
8183,45
8232,45
8227,45
8170,45
8162,45
8240,45
8308,45
8310,45
8268,45
8178,45
8306,45
8292,45
8544,47
8487,47
8541,47
8530,47
8550,47
8628,47
8531,47
8509,47
8611,47
8629,47
8514,47
8498,47
8474,47
8472,47
8543,47
8598,47
8556,47
8547,47
8617,47
8574,47
8570,47
8626,47
8583,47
8600,47
8613,47
8573,47
8591,47
8625,47
8565,47
8549,47
8575,47
8623,47
8491,47
8520,47
8507,47
8594,47
8532,47
8481,47
8622,47
8632,47
8627,47
8518,47
8554,47
8606,47
8535,47
8631,47
8586,47
8470,47
8508,47
8569,47
8563,47
8493,47
8475,47
8503,47
8516,47
8589,47
8528,47
8525,47
8495,47
8510,47
8597,47
8479,47
8521,47
8562,47
8469,47
8601,47
8488,47
8580,47
8482,47
8496,47
8572,47
8588,47
8560,47
8484,47
8527,47
8539,47
8546,47
8545,47
8477,47
8517,47
8536,47
8552,47
8526,47
8609,47
8524,47
8578,47
8555,47
8489,47
8608,47
8610,47
8533,47
8505,47
8559,47
8571,47
8584,47
8468,47
8483,47
8548,47
8596,47
8593,47
8592,47
8490,47
8599,47
8506,47
8512,47
8534,47
8494,47
8602,47
8529,47
8587,47
8492,47
8471,47
8537,47
8522,47
8501,47
8485,47
8579,47
8603,47
8551,47
8564,47
8473,47
8621,47
8553,47
8620,47
8486,47
8612,47
8605,47
8582,47
8566,47
8619,47
8615,47
8511,47
8557,47
8595,47
8497,47
8540,47
8542,47
8500,47
8478,47
8515,47
8581,47
8467,47
8614,47
8576,47
8558,47
8538,47
8519,47
8502,47
8630,47
8523,47
8607,47
8634,47
8513,47
8618,47
8476,47
8633,47
8585,47
8568,47
8499,47
8504,47
8567,47
8624,47
8480,47
8604,47
8561,47
8577,47
8590,47
8616,47
819,5
919,5
742,5
780,5
917,5
757,5
848,5
774,5
736,5
801,5
882,5
877,5
753,5
733,5
846,5
817,5
765,5
790,5
794,5
770,5
887,5
908,5
861,5
893,5
779,5
865,5
772,5
841,5
731,5
826,5
883,5
902,5
756,5
820,5
896,5
858,5
923,5
866,5
816,5
755,5
837,5
768,5
854,5
787,5
912,5
844,5
903,5
830,5
851,5
871,5
729,5
741,5
730,5
775,5
885,5
806,5
842,5
904,5
827,5
911,5
920,5
798,5
886,5
869,5
796,5
810,5
850,5
899,5
782,5
792,5
813,5
891,5
735,5
922,5
894,5
799,5
914,5
863,5
773,5
752,5
900,5
847,5
852,5
925,5
761,5
807,5
860,5
916,5
853,5
814,5
786,5
803,5
909,5
892,5
759,5
836,5
905,5
740,5
907,5
784,5
748,5
750,5
874,5
764,5
823,5
795,5
828,5
872,5
834,5
840,5
760,5
881,5
864,5
732,5
879,5
876,5
839,5
870,5
747,5
849,5
743,5
915,5
751,5
921,5
845,5
824,5
763,5
777,5
825,5
791,5
875,5
769,5
918,5
783,5
835,5
821,5
862,5
793,5
812,5
910,5
901,5
802,5
926,5
878,5
897,5
856,5
913,5
808,5
868,5
734,5
727,5
788,5
867,5
889,5
898,5
745,5
744,5
809,5
739,5
785,5
818,5
746,5
762,5
767,5
811,5
737,5
778,5
838,5
815,5
797,5
833,5
789,5
766,5
754,5
906,5
873,5
728,5
924,5
880,5
890,5
822,5
776,5
738,5
855,5
859,5
804,5
832,5
829,5
800,5
857,5
749,5
895,5
771,5
781,5
831,5
805,5
927,5
843,5
884,5
888,5
758,5
4217,23
4210,23
4266,23
4262,23
4280,23
4265,23
4194,23
4225,23
4248,23
4183,23
4190,23
4285,23
4270,23
4254,23
4201,23
4199,23
4256,23
4221,23
4186,23
4288,23
4293,23
4212,23
4218,23
4238,23
4219,23
4181,23
4195,23
4286,23
4271,23
4244,23
4182,23
4260,23
4204,23
4211,23
4276,23
4283,23
4189,23
4213,23
4208,23
4234,23
4269,23
4180,23
4209,23
4250,23
4223,23
4233,23
4220,23
4290,23
4205,23
4264,23
4178,23
4253,23
4284,23
4228,23
4216,23
4237,23
4243,23
4224,23
4259,23
4252,23
4255,23
4242,23
4222,23
4272,23
4226,23
4196,23
4273,23
4246,23
4239,23
4207,23
4241,23
4251,23
4232,23
4215,23
4292,23
4274,23
4258,23
4275,23
4249,23
4287,23
4191,23
4236,23
4188,23
4227,23
4257,23
4206,23
4279,23
4184,23
4278,23
4245,23
4193,23
4291,23
4203,23
4247,23
4185,23
4277,23
4282,23
4202,23
4240,23
4179,23
4231,23
4187,23
4200,23
4267,23
4192,23
4198,23
4229,23
4235,23
4289,23
4214,23
4281,23
4230,23
4261,23
4268,23
4197,23
4294,23
4263,23
6721,36
6638,36
6664,36
6581,36
6590,36
6609,36
6647,36
6677,36
6585,36
6574,36
6573,36
6695,36
6705,36
6656,36
6654,36
6688,36
6709,36
6724,36
6587,36
6660,36
6633,36
6673,36
6648,36
6577,36
6643,36
6715,36
6662,36
6593,36
6723,36
6584,36
6616,36
6655,36
6678,36
6631,36
6571,36
6659,36
6692,36
6717,36
6626,36
6649,36
6597,36
6604,36
6594,36
6612,36
6669,36
6697,36
6610,36
6607,36
6686,36
6615,36
6629,36
6699,36
6718,36
6586,36
6599,36
6644,36
6639,36
6637,36
6676,36
6706,36
6642,36
6617,36
6605,36
6645,36
6579,36
6716,36
6572,36
6713,36
6646,36
6657,36
6701,36
6700,36
6702,36
6696,36
6680,36
6598,36
6578,36
6698,36
6600,36
6719,36
6679,36
6622,36
6651,36
6635,36
6628,36
6703,36
6614,36
6666,36
6720,36
6596,36
6603,36
6627,36
6668,36
6687,36
6707,36
6650,36
6601,36
6711,36
6704,36
6653,36
6683,36
6608,36
6694,36
6671,36
6652,36
6589,36
6582,36
6689,36
6611,36
6722,36
6641,36
6606,36
6576,36
6675,36
6591,36
6618,36
6575,36
6682,36
6634,36
6640,36
6588,36
6690,36
6708,36
6592,36
6665,36
6672,36
6613,36
6674,36
6619,36
6602,36
6583,36
6595,36
6636,36
6712,36
6624,36
6623,36
6681,36
6663,36
6684,36
6580,36
6632,36
6661,36
6630,36
6691,36
6670,36
6714,36
6685,36
6621,36
6625,36
6620,36
6693,36
6667,36
6658,36
6710,36
7844,43
7965,43
7856,43
7894,43
7941,43
7921,43
7942,43
7889,43
7988,43
7911,43
7925,43
7888,43
7854,43
7953,43
7982,43
7964,43
8004,43
7934,43
7873,43
7857,43
7871,43
7918,43
7837,43
7979,43
7869,43
7940,43
7890,43
7926,43
7878,43
7986,43
7914,43
7997,43
7961,43
7938,43
7929,43
7959,43
7913,43
7868,43
7843,43
7862,43
7924,43
7877,43
7931,43
7998,43
7864,43
7842,43
7920,43
7883,43
7950,43
7966,43
7947,43
7930,43
7866,43
7891,43
7994,43
7936,43
7967,43
7955,43
7917,43
7892,43
7903,43
7909,43
7968,43
7882,43
7900,43
7945,43
7932,43
7970,43
7885,43
7933,43
7978,43
7859,43
7874,43
7928,43
7865,43
7992,43
7937,43
7910,43
7846,43
7981,43
7916,43
7935,43
7983,43
7872,43
7861,43
7908,43
7946,43
7958,43
7881,43
7880,43
7895,43
7912,43
7858,43
7863,43
7963,43
7848,43
7841,43
7876,43
7984,43
7969,43
7838,43
7943,43
7948,43
7845,43
7919,43
7952,43
7993,43
7870,43
7915,43
8001,43
7944,43
7999,43
7951,43
7971,43
7851,43
7902,43
7899,43
7839,43
7860,43
7939,43
7884,43
7975,43
7949,43
7867,43
7875,43
7996,43
7852,43
7985,43
7962,43
7896,43
7972,43
8002,43
7980,43
7923,43
7898,43
7987,43
7954,43
7855,43
7957,43
7887,43
7879,43
7960,43
8003,43
7897,43
7977,43
7853,43
7922,43
7995,43
8000,43
7989,43
7974,43
7904,43
7991,43
7886,43
7901,43
7976,43
7850,43
7847,43
7927,43
7956,43
7973,43
7906,43
7907,43
7840,43
7990,43
7849,43
7893,43
7905,43
4403,24
4394,24
4470,24
4321,24
4370,24
4339,24
4418,24
4458,24
4474,24
4476,24
4473,24
4440,24
4459,24
4430,24
4296,24
4367,24
4319,24
4384,24
4414,24
4461,24
4423,24
4340,24
4330,24
4306,24
4407,24
4425,24
4350,24
4345,24
4409,24
4478,24
4469,24
4371,24
4477,24
4348,24
4402,24
4300,24
4401,24
4388,24
4376,24
4410,24
4463,24
4331,24
4361,24
4454,24
4399,24
4334,24
4323,24
4337,24
4320,24
4456,24
4397,24
4428,24
4338,24
4326,24
4389,24
4327,24
4468,24
4395,24
4336,24
4313,24
4312,24
4344,24
4464,24
4390,24
4347,24
4417,24
4325,24
4322,24
4438,24
4435,24
4449,24
4412,24
4393,24
4442,24
4426,24
4297,24
4467,24
4420,24
4368,24
4460,24
4380,24
4429,24
4363,24
4471,24
4351,24
4298,24
4333,24
4450,24
4355,24
4436,24
4329,24
4441,24
4472,24
4479,24
4341,24
4356,24
4374,24
4302,24
4448,24
4346,24
4398,24
4433,24
4295,24
4358,24
4455,24
4324,24
4383,24
4366,24
4385,24
4422,24
4342,24
4360,24
4328,24
4335,24
4452,24
4359,24
4475,24
4349,24
4437,24
4392,24
4408,24
4445,24
4466,24
4446,24
4451,24
4304,24
4387,24
4305,24
4462,24
4314,24
4453,24
4372,24
4413,24
4373,24
4404,24
4396,24
4375,24
4400,24
4354,24
4317,24
4309,24
4406,24
4316,24
4378,24
4379,24
4405,24
4307,24
4443,24
4353,24
4362,24
4386,24
4421,24
4311,24
4416,24
4299,24
4365,24
4432,24
4332,24
4411,24
4343,24
4301,24
4465,24
4439,24
4391,24
4357,24
4377,24
4415,24
4364,24
4424,24
4369,24
4447,24
4315,24
4308,24
4434,24
4419,24
4427,24
4303,24
4457,24
4444,24
4310,24
4381,24
4318,24
4352,24
4431,24
4382,24
6861,37
6830,37
6748,37
6898,37
6753,37
6850,37
6794,37
6835,37
6729,37
6849,37
6871,37
6798,37
6788,37
6846,37
6801,37
6824,37
6904,37
6853,37
6844,37
6872,37
6869,37
6769,37
6896,37
6836,37
6815,37
6799,37
6880,37
6743,37
6863,37
6827,37
6791,37
6839,37
6890,37
6780,37
6813,37
6764,37
6833,37
6771,37
6899,37
6855,37
6845,37
6867,37
6741,37
6879,37
6818,37
6751,37
6862,37
6781,37
6797,37
6852,37
6837,37
6733,37
6759,37
6796,37
6884,37
6821,37
6876,37
6808,37
6883,37
6806,37
6735,37
6800,37
6747,37
6868,37
6887,37
6749,37
6820,37
6866,37
6873,37
6843,37
6792,37
6905,37
6812,37
6731,37
6888,37
6737,37
6802,37
6819,37
6779,37
6811,37
6840,37
6785,37
6816,37
6777,37
6832,37
6891,37
6804,37
6757,37
6789,37
6889,37
6783,37
6732,37
6786,37
6767,37
6795,37
6894,37
6831,37
6829,37
6793,37
6874,37
6770,37
6842,37
6854,37
6857,37
6746,37
6900,37
6858,37
6805,37
6730,37
6726,37
6901,37
6870,37
6825,37
6838,37
6875,37
6772,37
6728,37
6903,37
6734,37
6828,37
6761,37
6745,37
6768,37
6778,37
6823,37
6856,37
6775,37
6865,37
6881,37
6750,37
6807,37
6774,37
6859,37
6727,37
6864,37
6882,37
6902,37
6822,37
6756,37
6841,37
6897,37
6742,37
6817,37
6787,37
6776,37
6885,37
6826,37
6744,37
6809,37
6892,37
6738,37
6754,37
6851,37
6755,37
6782,37
6740,37
6877,37
6763,37
6736,37
6739,37
6765,37
6762,37
6814,37
6752,37
6810,37
6760,37
6790,37
6895,37
6766,37
6725,37
6847,37
6886,37
6784,37
6878,37
6803,37
6848,37
6773,37
6860,37
6758,37
6834,37
6893,37
10765,59
10604,59
10760,59
10607,59
10762,59
10701,59
10616,59
10735,59
10639,59
10617,59
10721,59
10773,59
10674,59
10797,59
10622,59
10666,59
10636,59
10722,59
10629,59
10686,59
10630,59
10727,59
10644,59
10719,59
10681,59
10611,59
10795,59
10725,59
10707,59
10756,59
10745,59
10664,59
10688,59
10708,59
10609,59
10767,59
10763,59
10729,59
10621,59
10620,59
10624,59
10698,59
10741,59
10771,59
10693,59
10740,59
10684,59
10755,59
10714,59
10625,59
10618,59
10655,59
10720,59
10781,59
10786,59
10661,59
10694,59
10651,59
10632,59
10789,59
10750,59
10776,59
10641,59
10798,59
10712,59
10713,59
10699,59
10663,59
10668,59
10794,59
10614,59
10718,59
10687,59
10733,59
10778,59
10737,59
10638,59
10764,59
10739,59
10742,59
10734,59
10779,59
10777,59
10753,59
10792,59
10715,59
10612,59
10645,59
10691,59
10705,59
10766,59
10702,59
10623,59
10751,59
10637,59
10775,59
10633,59
10662,59
10659,59
10643,59
10761,59
10757,59
10743,59
10640,59
10730,59
10706,59
10738,59
10736,59
10660,59
10605,59
10610,59
10665,59
10650,59
10800,59
10787,59
10606,59
10608,59
10690,59
10716,59
10700,59
10710,59
10799,59
10726,59
10748,59
10785,59
10667,59
10671,59
10628,59
10613,59
10652,59
10678,59
10770,59
10747,59
10732,59
10615,59
10772,59
10731,59
10635,59
10677,59
10683,59
10790,59
10673,59
10631,59
10682,59
10626,59
10696,59
10780,59
10648,59
10680,59
10744,59
10649,59
10689,59
10675,59
10754,59
10717,59
10704,59
10723,59
10654,59
10746,59
10627,59
10656,59
10670,59
10642,59
10634,59
10793,59
10653,59
10646,59
10752,59
10784,59
10774,59
10672,59
10791,59
10657,59
10692,59
10676,59
10658,59
10749,59
10788,59
10679,59
10647,59
10703,59
10711,59
10685,59
10796,59
10769,59
10697,59
10724,59
10758,59
10695,59
10619,59
10669,59
10783,59
10728,59
10768,59
10782,59
10709,59
10759,59
7078,38
7033,38
6984,38
7084,38
7085,38
7015,38
6914,38
7097,38
7030,38
7006,38
6948,38
7073,38
6996,38
7037,38
6919,38
7063,38
7010,38
7050,38
7065,38
7081,38
7056,38
7075,38
6962,38
6960,38
6979,38
6908,38
6971,38
7048,38
7022,38
6991,38
7040,38
6928,38
6985,38
7034,38
6944,38
6949,38
7086,38
7018,38
7041,38
6968,38
7023,38
7045,38
6974,38
6981,38
6907,38
6999,38
7074,38
6957,38
6943,38
7008,38
7070,38
6990,38
7062,38
7001,38
6947,38
6934,38
6975,38
7027,38
6963,38
6933,38
7098,38
6965,38
6941,38
6952,38
7005,38
6951,38
7093,38
7003,38
7082,38
7021,38
7026,38
6986,38
7094,38
6966,38
6997,38
6932,38
7066,38
7083,38
6961,38
7039,38
6964,38
7025,38
7032,38
7049,38
6967,38
7088,38
6950,38
7036,38
7004,38
7079,38
7000,38
7055,38
6972,38
7024,38
6973,38
7046,38
6998,38
7095,38
7053,38
6942,38
6953,38
6938,38
6939,38
7011,38
6988,38
7067,38
6970,38
6936,38
7092,38
6992,38
6910,38
6929,38
7080,38
6983,38
6915,38
6954,38
7071,38
7014,38
7060,38
6911,38
6925,38
6920,38
7012,38
6994,38
6922,38
6987,38
7002,38
7076,38
6977,38
7077,38
6924,38
7100,38
6980,38
6917,38
6940,38
7016,38
6982,38
7101,38
7090,38
7052,38
6995,38
7072,38
7061,38
7029,38
7051,38
6935,38
6955,38
7031,38
6989,38
7017,38
6926,38
7064,38
7069,38
7059,38
7013,38
6976,38
7035,38
7089,38
7099,38
7068,38
7044,38
6993,38
6937,38
7007,38
7043,38
7009,38
7087,38
6921,38
6931,38
6945,38
6916,38
6958,38
6912,38
6906,38
6918,38
6956,38
7038,38
7096,38
6930,38
6923,38
7058,38
6978,38
6946,38
7091,38
6909,38
6913,38
6969,38
7057,38
7054,38
7020,38
7019,38
7047,38
6927,38
6959,38
7028,38
7042,38
8020,44
8088,44
8069,44
8018,44
8083,44
8116,44
8107,44
8028,44
8058,44
8117,44
8063,44
8145,44
8127,44
8021,44
8144,44
8017,44
8100,44
8141,44
8113,44
8133,44
8030,44
8056,44
8033,44
8007,44
8096,44
8139,44
8089,44
8010,44
8072,44
8079,44
8061,44
8132,44
8074,44
8015,44
8146,44
8071,44
8005,44
8051,44
8054,44
8137,44
8112,44
8025,44
8124,44
8087,44
8105,44
8075,44
8081,44
8129,44
8104,44
8135,44
8102,44
8110,44
8108,44
8140,44
8042,44
8034,44
8125,44
8114,44
8130,44
8060,44
8101,44
8122,44
8008,44
8052,44
8026,44
8037,44
8024,44
8032,44
8006,44
8031,44
8078,44
8067,44
8143,44
8097,44
8090,44
8041,44
8049,44
8138,44
8070,44
8047,44
8068,44
8016,44
8142,44
8027,44
8046,44
8106,44
8147,44
8085,44
8120,44
8073,44
8039,44
8084,44
8029,44
8076,44
8065,44
8062,44
8011,44
8086,44
8044,44
8109,44
8014,44
8040,44
8134,44
8023,44
8035,44
8092,44
8126,44
8050,44
8091,44
8082,44
8009,44
8053,44
8121,44
8048,44
8012,44
8119,44
8150,44
8059,44
8045,44
8019,44
8094,44
8131,44
8095,44
8136,44
8057,44
8128,44
8038,44
8103,44
8118,44
8022,44
8013,44
8043,44
8036,44
8066,44
8148,44
8123,44
8099,44
8098,44
8055,44
8093,44
8080,44
8077,44
8111,44
8115,44
8064,44
8149,44
1519,9
1614,9
1453,9
1532,9
1471,9
1472,9
1507,9
1599,9
1504,9
1557,9
1484,9
1590,9
1539,9
1555,9
1503,9
1596,9
1462,9
1477,9
1558,9
1447,9
1578,9
1577,9
1517,9
1621,9
1527,9
1612,9
1586,9
1534,9
1450,9
1579,9
1499,9
1563,9
1475,9
1454,9
1512,9
1474,9
1523,9
1466,9
1444,9
1446,9
1556,9
1591,9
1546,9
1505,9
1449,9
1511,9
1607,9
1544,9
1570,9
1452,9
1613,9
1603,9
1588,9
1497,9
1493,9
1615,9
1582,9
1481,9
1541,9
1535,9
1619,9
1559,9
1572,9
1568,9
1445,9
1576,9
1589,9
1600,9
1509,9
1440,9
1514,9
1473,9
1478,9
1545,9
1470,9
1490,9
1533,9
1457,9
1580,9
1575,9
1515,9
1441,9
1583,9
1491,9
1501,9
1489,9
1518,9
1538,9
1530,9
1461,9
1521,9
1569,9
1455,9
1574,9
1459,9
1550,9
1602,9
1483,9
1486,9
1543,9
1540,9
1498,9
1536,9
1611,9
1608,9
1618,9
1529,9
1562,9
1485,9
1581,9
1567,9
1480,9
1561,9
1448,9
1463,9
1525,9
1573,9
1531,9
1526,9
1537,9
1554,9
1601,9
1566,9
1620,9
1592,9
1594,9
1488,9
1468,9
1595,9
1610,9
1522,9
1500,9
1464,9
1520,9
1460,9
1564,9
1604,9
1552,9
1622,9
1494,9
1609,9
1571,9
1510,9
1506,9
1465,9
1565,9
1598,9
1623,9
1553,9
1458,9
1482,9
1467,9
1597,9
1479,9
1605,9
1587,9
1616,9
1502,9
1495,9
1528,9
1443,9
1593,9
1513,9
1585,9
1617,9
1487,9
1524,9
1469,9
1508,9
1516,9
1542,9
1551,9
1549,9
1456,9
1476,9
1548,9
1560,9
1606,9
1442,9
1547,9
1451,9
1496,9
1492,9
1584,9
5334,29
5315,29
5171,29
5188,29
5304,29
5346,29
5306,29
5323,29
5277,29
5324,29
5259,29
5321,29
5348,29
5258,29
5233,29
5327,29
5250,29
5357,29
5247,29
5340,29
5308,29
5234,29
5329,29
5184,29
5267,29
5331,29
5351,29
5209,29
5192,29
5199,29
5255,29
5172,29
5276,29
5181,29
5236,29
5196,29
5174,29
5210,29
5265,29
5207,29
5285,29
5281,29
5317,29
5367,29
5225,29
5355,29
5175,29
5208,29
5336,29
5261,29
5278,29
5294,29
5232,29
5169,29
5309,29
5359,29
5347,29
5353,29
5243,29
5257,29
5288,29
5344,29
5300,29
5335,29
5366,29
5363,29
5354,29
5325,29
5226,29
5289,29
5206,29
5180,29
5224,29
5162,29
5173,29
5168,29
5349,29
5189,29
5186,29
5272,29
5326,29
5286,29
5253,29
5164,29
5291,29
5365,29
5217,29
5279,29
5176,29
5360,29
5280,29
5238,29
5241,29
5167,29
5221,29
5237,29
5177,29
5197,29
5215,29
5328,29
5364,29
5305,29
5350,29
5319,29
5316,29
5307,29
5356,29
5170,29
5202,29
5293,29
5322,29
5219,29
5361,29
5297,29
5213,29
5204,29
5218,29
5299,29
5166,29
5269,29
5235,29
5320,29
5231,29
5222,29
5314,29
5338,29
5248,29
5163,29
5313,29
5229,29
5220,29
5352,29
5252,29
5295,29
5337,29
5275,29
5228,29
5271,29
5302,29
5318,29
5246,29
5198,29
5287,29
5343,29
5245,29
5274,29
5330,29
5178,29
5262,29
5191,29
5268,29
5298,29
5266,29
5201,29
5182,29
5193,29
5341,29
5203,29
5270,29
5282,29
5273,29
5205,29
5179,29
5212,29
5311,29
5362,29
5216,29
5256,29
5312,29
5185,29
5244,29
5190,29
5296,29
5292,29
5223,29
5240,29
5194,29
5290,29
5211,29
5242,29
5333,29
5239,29
5230,29
5332,29
5263,29
5301,29
5358,29
5345,29
5195,29
5339,29
5260,29
5264,29
5249,29
5165,29
5310,29
5200,29
5183,29
5342,29
5283,29
5214,29
5284,29
5303,29
5254,29
5187,29
5251,29
5227,29
8741,48
8679,48
8639,48
8760,48
8653,48
8778,48
8699,48
8829,48
8725,48
8745,48
8675,48
8812,48
8641,48
8687,48
8705,48
8791,48
8718,48
8792,48
8721,48
8782,48
8724,48
8747,48
8719,48
8737,48
8659,48
8818,48
8803,48
8744,48
8828,48
8776,48
8819,48
8729,48
8781,48
8813,48
8706,48
8698,48
8748,48
8751,48
8692,48
8713,48
8731,48
8749,48
8796,48
8805,48
8823,48
8682,48
8788,48
8763,48
8691,48
8663,48
8722,48
8650,48
8775,48
8684,48
8680,48
8728,48
8824,48
8667,48
8736,48
8735,48
8636,48
8808,48
8752,48
8657,48
8677,48
8703,48
8673,48
8804,48
8709,48
8820,48
8696,48
8766,48
8780,48
8771,48
8810,48
8773,48
8660,48
8635,48
8758,48
8777,48
8826,48
8734,48
8740,48
8695,48
8730,48
8662,48
8700,48
8666,48
8785,48
8708,48
8689,48
8746,48
8779,48
8759,48
8644,48
8765,48
8757,48
8690,48
8750,48
8697,48
8768,48
8685,48
8661,48
8683,48
8712,48
8664,48
8702,48
8811,48
8642,48
8726,48
8707,48
8738,48
8755,48
8802,48
8671,48
8793,48
8742,48
8798,48
8717,48
8656,48
8753,48
8743,48
8676,48
8756,48
8762,48
8754,48
8769,48
8714,48
8651,48
8668,48
8806,48
8797,48
8801,48
8720,48
8772,48
8733,48
8815,48
8786,48
8767,48
8727,48
8774,48
8825,48
8783,48
8764,48
8681,48
8716,48
8688,48
8693,48
8799,48
8821,48
8674,48
8817,48
8670,48
8770,48
8809,48
8723,48
8784,48
8795,48
8794,48
8640,48
8655,48
8678,48
8646,48
8814,48
8816,48
8789,48
8732,48
8652,48
8710,48
8800,48
8669,48
8665,48
8761,48
8830,48
8637,48
8701,48
8827,48
8643,48
8672,48
8807,48
8704,48
8638,48
8739,48
8647,48
8694,48
8715,48
8711,48
8658,48
8645,48
8648,48
8654,48
8790,48
8686,48
8649,48
8787,48
8822,48
4944,27
4904,27
4860,27
4849,27
4901,27
4979,27
4968,27
4924,27
4878,27
4877,27
4918,27
4988,27
4961,27
4933,27
5014,27
4900,27
4952,27
4930,27
4959,27
4929,27
4885,27
4969,27
4873,27
5021,27
4932,27
5010,27
5018,27
4846,27
4911,27
5008,27
4857,27
4903,27
4880,27
4845,27
4938,27
4925,27
4950,27
5016,27
4949,27
4839,27
5022,27
5001,27
4994,27
4866,27
4891,27
4907,27
4897,27
4842,27
4999,27
4835,27
4920,27
4986,27
4975,27
4926,27
4910,27
4948,27
4892,27
4957,27
5000,27
4935,27
4967,27
4965,27
4917,27
4942,27
4934,27
4998,27
4858,27
4895,27
4850,27
4867,27
4837,27
4884,27
4905,27
4848,27
4985,27
4861,27
4859,27
4946,27
4927,27
4906,27
4834,27
4943,27
4995,27
5003,27
4955,27
4864,27
4876,27
4854,27
4862,27
4971,27
4887,27
5017,27
4987,27
4970,27
4882,27
4989,27
4865,27
4870,27
4945,27
4871,27
4958,27
4868,27
5005,27
4899,27
4879,27
5002,27
4982,27
4843,27
5006,27
4947,27
4936,27
4937,27
4983,27
4980,27
5015,27
4872,27
4939,27
4893,27
4869,27
5009,27
4853,27
4844,27
4966,27
4941,27
4836,27
4984,27
4981,27
4976,27
4993,27
4852,27
4923,27
4838,27
5007,27
4898,27
4964,27
4889,27
4890,27
4978,27
5011,27
4990,27
4863,27
4894,27
4855,27
4928,27
4977,27
4841,27
4973,27
4931,27
5013,27
5019,27
4886,27
4847,27
4921,27
5020,27
4912,27
4963,27
4883,27
4851,27
4902,27
4840,27
4997,27
4974,27
4951,27
4914,27
4991,27
4972,27
4953,27
4919,27
4913,27
4856,27
4908,27
4940,27
5004,27
4881,27
4888,27
4962,27
4875,27
5012,27
4909,27
4954,27
4960,27
4874,27
4915,27
4996,27
4916,27
4956,27
4992,27
4922,27
4896,27
3193,17
3148,17
3190,17
3046,17
3139,17
3077,17
3180,17
3101,17
3059,17
3103,17
3179,17
3120,17
3106,17
3165,17
3153,17
3066,17
3055,17
3078,17
3047,17
3073,17
3083,17
3117,17
3086,17
3038,17
3131,17
3192,17
3088,17
3053,17
3174,17
3062,17
3197,17
3126,17
3057,17
3065,17
3160,17
3109,17
3163,17
3070,17
3177,17
3084,17
3136,17
3162,17
3188,17
3146,17
3154,17
3081,17
3064,17
3107,17
3199,17
3045,17
3072,17
3143,17
3119,17
3052,17
3151,17
3116,17
3118,17
3187,17
3123,17
3111,17
3036,17
3082,17
3090,17
3113,17
3079,17
3122,17
3150,17
3147,17
3166,17
3115,17
3167,17
3185,17
3140,17
3178,17
3048,17
3138,17
3108,17
3039,17
3159,17
3191,17
3132,17
3110,17
3060,17
3102,17
3051,17
3069,17
3133,17
3085,17
3175,17
3093,17
3056,17
3094,17
3172,17
3130,17
3063,17
3184,17
3049,17
3196,17
3061,17
3089,17
3112,17
3183,17
3071,17
3098,17
3198,17
3134,17
3195,17
3074,17
3104,17
3041,17
3200,17
3043,17
3142,17
3128,17
3127,17
3194,17
3095,17
3044,17
3068,17
3080,17
3087,17
3037,17
3189,17
3124,17
3096,17
3114,17
3158,17
3169,17
3152,17
3097,17
3067,17
3099,17
3100,17
3058,17
3168,17
3092,17
3173,17
3135,17
3042,17
3129,17
3164,17
3176,17
3076,17
3149,17
3075,17
3145,17
3156,17
3137,17
3141,17
3091,17
3144,17
3155,17
3040,17
3186,17
3182,17
3121,17
3050,17
3125,17
3181,17
3171,17
3157,17
3161,17
3054,17
3170,17
3105,17
2529,14
2558,14
2432,14
2540,14
2465,14
2591,14
2534,14
2505,14
2554,14
2536,14
2412,14
2398,14
2612,14
2514,14
2589,14
2551,14
2434,14
2577,14
2567,14
2537,14
2458,14
2472,14
2491,14
2406,14
2440,14
2510,14
2607,14
2405,14
2616,14
2587,14
2584,14
2487,14
2493,14
2498,14
2495,14
2571,14
2502,14
2445,14
2512,14
2438,14
2521,14
2482,14
2437,14
2535,14
2559,14
2473,14
2464,14
2497,14
2413,14
2414,14
2496,14
2548,14
2574,14
2545,14
2553,14
2556,14
2444,14
2433,14
2456,14
2506,14
2519,14
2543,14
2598,14
2580,14
2542,14
2453,14
2517,14
2564,14
2480,14
2513,14
2415,14
2429,14
2441,14
2563,14
2449,14
2581,14
2468,14
2620,14
2401,14
2518,14
2528,14
2575,14
2427,14
2552,14
2422,14
2402,14
2452,14
2481,14
2544,14
2403,14
2590,14
2421,14
2462,14
2450,14
2585,14
2611,14
2588,14
2426,14
2520,14
2599,14
2541,14
2454,14
2400,14
2410,14
2594,14
2568,14
2600,14
2614,14
2419,14
2557,14
2490,14
2565,14
2550,14
2530,14
2423,14
2549,14
2494,14
2504,14
2572,14
2606,14
2593,14
2463,14
2430,14
2479,14
2608,14
2615,14
2569,14
2524,14
2525,14
2522,14
2407,14
2457,14
2617,14
2420,14
2474,14
2435,14
2511,14
2408,14
2428,14
2526,14
2538,14
2459,14
2586,14
2500,14
2485,14
2610,14
2467,14
2583,14
2475,14
2442,14
2601,14
2418,14
2417,14
2439,14
2595,14
2448,14
2619,14
2476,14
2523,14
2604,14
2532,14
2451,14
2605,14
2447,14
2561,14
2516,14
2503,14
2483,14
2621,14
2560,14
2602,14
2489,14
2555,14
2425,14
2546,14
2424,14
2527,14
2446,14
2488,14
2399,14
2460,14
2455,14
2539,14
2466,14
2411,14
2436,14
2618,14
2623,14
2409,14
2471,14
2576,14
2592,14
2596,14
2562,14
2578,14
2613,14
2622,14
2469,14
2533,14
2582,14
2501,14
2531,14
2416,14
2477,14
2484,14
2579,14
2470,14
2404,14
2443,14
2570,14
2566,14
2547,14
2492,14
2603,14
2508,14
2461,14
2431,14
2486,14
2499,14
2478,14
2509,14
2609,14
2507,14
2597,14
2515,14
2573,14
8931,49
8845,49
8918,49
8894,49
8834,49
8870,49
8891,49
8912,49
8878,49
8846,49
8859,49
8901,49
8833,49
8913,49
8925,49
8914,49
8896,49
8893,49
8860,49
8879,49
8902,49
8892,49
8868,49
8937,49
8867,49
8932,49
8922,49
8923,49
8936,49
8863,49
8928,49
8887,49
8934,49
8837,49
8832,49
8888,49
8903,49
8871,49
8869,49
8848,49
8865,49
8866,49
8908,49
8844,49
8858,49
8862,49
8849,49
8840,49
8850,49
8935,49
8907,49
8841,49
8838,49
8847,49
8855,49
8839,49
8911,49
8920,49
8852,49
8853,49
8897,49
8851,49
8872,49
8864,49
8929,49
8881,49
8874,49
8877,49
8885,49
8916,49
8880,49
8889,49
8842,49
8924,49
8873,49
8875,49
8898,49
8883,49
8938,49
8843,49
8919,49
8890,49
8884,49
8857,49
8882,49
8856,49
8905,49
8904,49
8900,49
8876,49
8899,49
8886,49
8895,49
8835,49
8921,49
8917,49
8930,49
8836,49
8915,49
8854,49
8906,49
8933,49
8909,49
8831,49
8927,49
8926,49
8910,49
8861,49
1812,11
1772,11
1867,11
1898,11
1847,11
1809,11
1830,11
1875,11
1850,11
1846,11
1778,11
1891,11
1843,11
1923,11
1931,11
1841,11
1903,11
1795,11
1770,11
1814,11
1900,11
1828,11
1792,11
1852,11
1827,11
1909,11
1930,11
1784,11
1928,11
1869,11
1806,11
1757,11
1896,11
1916,11
1780,11
1797,11
1922,11
1853,11
1839,11
1801,11
1887,11
1779,11
1859,11
1907,11
1789,11
1834,11
1755,11
1921,11
1946,11
1791,11
1813,11
1906,11
1824,11
1786,11
1873,11
1840,11
1835,11
1883,11
1934,11
1871,11
1788,11
1816,11
1773,11
1756,11
1881,11
1860,11
1751,11
1838,11
1844,11
1897,11
1855,11
1776,11
1753,11
1836,11
1848,11
1938,11
1926,11
1833,11
1817,11
1935,11
1925,11
1933,11
1947,11
1943,11
1949,11
1858,11
1798,11
1937,11
1851,11
1904,11
1912,11
1759,11
1882,11
1763,11
1802,11
1804,11
1890,11
1879,11
1854,11
1944,11
1758,11
1929,11
1870,11
1837,11
1771,11
1790,11
1787,11
1902,11
1769,11
1831,11
1948,11
1808,11
1766,11
1818,11
1866,11
1781,11
1810,11
1865,11
1805,11
1915,11
1820,11
1803,11
1796,11
1910,11
1908,11
1872,11
1884,11
1863,11
1917,11
1825,11
1811,11
1856,11
1842,11
1888,11
1874,11
1815,11
1940,11
1862,11
1861,11
1892,11
1894,11
1895,11
1767,11
1889,11
1893,11
1878,11
1761,11
1877,11
1819,11
1864,11
1919,11
1762,11
1901,11
1800,11
1764,11
1799,11
1914,11
1829,11
1782,11
1754,11
1936,11
1822,11
1905,11
1913,11
1807,11
1886,11
1924,11
1885,11
1899,11
1783,11
1760,11
1774,11
1942,11
1826,11
1939,11
1849,11
1765,11
1832,11
1823,11
1950,11
1932,11
1785,11
1793,11
1927,11
1821,11
1857,11
1945,11
1768,11
1868,11
1941,11
1876,11
1752,11
1911,11
1845,11
1777,11
1775,11
1880,11
1794,11
1918,11
1920,11
9968,55
9919,55
10051,55
9911,55
9896,55
10041,55
9887,55
9870,55
9958,55
9993,55
10022,55
9978,55
10033,55
9925,55
9883,55
9895,55
9989,55
10048,55
10015,55
9886,55
10029,55
10032,55
9890,55
10040,55
10007,55
9902,55
9967,55
9906,55
9951,55
9873,55
9940,55
9990,55
9969,55
9952,55
10014,55
10035,55
9991,55
9995,55
9893,55
10020,55
9972,55
9954,55
9977,55
10005,55
9928,55
9884,55
10021,55
9974,55
9950,55
9944,55
10026,55
9924,55
9937,55
10004,55
9880,55
9921,55
10062,55
9970,55
9871,55
9916,55
9882,55
9901,55
9904,55
9996,55
9910,55
9935,55
9998,55
9961,55
10023,55
10060,55
9889,55
10018,55
10045,55
10011,55
9936,55
9903,55
10061,55
9898,55
9897,55
9994,55
10053,55
9894,55
9941,55
10003,55
9868,55
10025,55
9922,55
9879,55
9926,55
9876,55
9962,55
10039,55
9892,55
9980,55
9949,55
9907,55
10031,55
9881,55
9939,55
10056,55
9956,55
9964,55
9923,55
10030,55
9981,55
9908,55
10024,55
9905,55
9982,55
10010,55
10059,55
9918,55
9948,55
9992,55
10009,55
10046,55
10028,55
10038,55
10006,55
9912,55
10054,55
9938,55
9971,55
9973,55
9963,55
9917,55
9888,55
10013,55
10027,55
9986,55
10042,55
9999,55
9872,55
9979,55
10019,55
9983,55
9931,55
9900,55
9877,55
9869,55
9874,55
9933,55
9885,55
10036,55
9913,55
10034,55
10017,55
9960,55
10043,55
9920,55
10037,55
9943,55
9930,55
9932,55
10050,55
9878,55
9988,55
9942,55
9984,55
10055,55
9891,55
9953,55
9955,55
9914,55
9927,55
9975,55
9987,55
9945,55
9929,55
10047,55
9976,55
10049,55
9899,55
9915,55
9985,55
10052,55
10057,55
9934,55
9959,55
9946,55
9875,55
10058,55
9965,55
9909,55
9966,55
10002,55
10008,55
9997,55
9957,55
9947,55
10012,55
10016,55
10000,55
10001,55
10044,55
2258,13
2161,13
2254,13
2316,13
2180,13
2228,13
2250,13
2317,13
2304,13
2284,13
2157,13
2155,13
2151,13
2236,13
2359,13
2312,13
2350,13
2164,13
2315,13
2348,13
2386,13
2251,13
2201,13
2243,13
2353,13
2310,13
2162,13
2173,13
2143,13
2208,13
2185,13
2237,13
2209,13
2269,13
2216,13
2222,13
2325,13
2322,13
2264,13
2319,13
2397,13
2389,13
2352,13
2150,13
2188,13
2178,13
2211,13
2347,13
2265,13
2361,13
2377,13
2149,13
2147,13
2182,13
2273,13
2197,13
2293,13
2394,13
2382,13
2200,13
2242,13
2303,13
2220,13
2218,13
2171,13
2205,13
2308,13
2393,13
2306,13
2320,13
2214,13
2356,13
2219,13
2278,13
2374,13
2198,13
2148,13
2234,13
2235,13
2259,13
2289,13
2363,13
2390,13
2227,13
2255,13
2224,13
2248,13
2297,13
2153,13
2263,13
2368,13
2351,13
2194,13
2190,13
2329,13
2283,13
2395,13
2253,13
2362,13
2175,13
2292,13
2365,13
2387,13
2210,13
2346,13
2268,13
2221,13
2294,13
2328,13
2336,13
2204,13
2195,13
2252,13
2321,13
2192,13
2168,13
2366,13
2230,13
2156,13
2223,13
2189,13
2333,13
2144,13
2337,13
2385,13
2191,13
2215,13
2169,13
2331,13
2392,13
2203,13
2324,13
2358,13
2301,13
2298,13
2159,13
2299,13
2240,13
2154,13
2314,13
2388,13
2281,13
2302,13
2249,13
2196,13
2261,13
2163,13
2369,13
2174,13
2371,13
2233,13
2313,13
2375,13
2345,13
2181,13
2270,13
2334,13
2364,13
2288,13
2217,13
2256,13
2360,13
2295,13
2152,13
2349,13
2172,13
2327,13
2344,13
2357,13
2184,13
2372,13
2244,13
2160,13
2165,13
2145,13
2274,13
2271,13
2391,13
2335,13
2300,13
2262,13
2232,13
2277,13
2379,13
2330,13
2193,13
2199,13
2378,13
2207,13
2326,13
2272,13
2279,13
2187,13
2343,13
2275,13
2290,13
2212,13
2370,13
2158,13
2307,13
2267,13
2177,13
2285,13
2245,13
2355,13
2287,13
2376,13
2167,13
2341,13
2381,13
2239,13
2338,13
2146,13
2166,13
2383,13
2280,13
2354,13
2342,13
2282,13
2286,13
2226,13
2229,13
2238,13
2260,13
2183,13
2241,13
2142,13
2296,13
2231,13
2339,13
2396,13
2384,13
2246,13
2202,13
2225,13
2309,13
2179,13
2305,13
2206,13
2318,13
2380,13
2266,13
2247,13
2176,13
2311,13
2257,13
2367,13
2186,13
2323,13
2170,13
2276,13
2332,13
2340,13
2373,13
2213,13
2291,13
